"id","name","Con","Green","Lab","LibDem","Plaid","SNP","UKIP","Win","Second","total_votes","Con_p","Green_p","Lab_p","LibDem_p","Plaid_p","SNP_p","UKIP_p","under18","under40","over40","total_voters","p_older","houses_1996","houses_2013"
"E14000530","Aldershot",23369,2025,8468,4076,0,0,8253,"Conservative","Labour",46191,50.6,4.4,18.3,8.8,0,0,17.9,23368,35196,46657,81853,0.570009651448328,63950,213000
"E14000531","Aldridge-Brownhills",20558,826,8835,1330,0,0,7751,"Conservative","Labour",39300,52,2.1,22.4,3.4,0,0,19.6,15443,18731,43055,61786,0.69684070825106,58000,155000
"E14000532","Altrincham & Sale West",26771,1983,13481,4235,0,0,4047,"Conservative","Labour",50517,53,3.9,26.7,8.4,0,0,8,22558,25335,50309,75644,0.665075881761938,74000,236000
"E14000533","Amber Valley",20106,1087,15901,1360,0,0,7263,"Conservative","Labour",45717,44,2.4,34.8,3,0,0,15.9,17411,23467,47801,71268,0.670721782567211,37145,120000
"E14000534","Arundel & South Downs",34331,3606,6324,4062,0,0,8154,"Conservative","UKIP",56477,60.8,6.4,11.2,7.2,0,0,14.4,19196,19005,59917,78922,0.759192620562074,81000,299998
"E14000535","Ashfield",10628,0,19448,7030,0,0,10150,"Labour","Conservative",47256,22.4,0,41,14.8,0,0,21.4,21781,27722,53843,81565,0.660123827622142,37000,105000
"E14000536","Ashford",30094,2467,10580,3433,0,0,10798,"Conservative","UKIP",57372,52.5,4.3,18.4,6,0,0,18.8,27382,30881,58283,89164,0.653660670225652,59125,195000
"E14000537","Ashton-under-Lyne",8610,1531,19366,943,0,0,8468,"Labour","Conservative",38918,22.1,3.9,49.8,2.4,0,0,21.8,20326,26665,44104,70769,0.623210727861069,38000,94750
"E14000538","Aylesbury",28083,2135,8391,5885,0,0,10925,"Conservative","UKIP",55419,50.7,3.9,15.1,10.6,0,0,19.7,26383,33715,52485,86200,0.608874709976798,65000,219950
"E14000539","Banbury",30749,2686,12354,3440,0,0,8050,"Conservative","Labour",57279,53,4.6,21.3,5.9,0,0,13.9,27317,34898,57100,91998,0.620665666644927,59000,210000
"E14000540","Barking",7019,879,24826,562,0,0,9554,"Labour","UKIP",42840,16.3,2,57.7,1.3,0,0,22.2,39037,45996,43433,89429,0.485670196468707,57998,180000
"E14000541","Barnsley Central",5485,938,20376,770,0,0,7941,"Labour","UKIP",35510,15,2.6,55.7,2.1,0,0,21.7,18271,25019,44215,69234,0.638631308316723,38000,96750
"E14000542","Barnsley East",5622,0,21079,1213,0,0,9045,"Labour","UKIP",36959,14.6,0,54.7,3.1,0,0,23.5,19690,25692,46866,72558,0.64591085752088,37500,98000
"E14000543","Barrow & Furness",17525,1061,18320,1169,0,0,5070,"Labour","Conservative",43145,40.5,2.5,42.3,2.7,0,0,11.7,17018,21703,48767,70470,0.692024975166738,35000,115000
"E14000544","Basildon & Billericay",22668,0,10186,1636,0,0,8538,"Conservative","Labour",43028,52.7,0,23.7,3.8,0,0,19.8,21375,26098,44532,70630,0.630496955967719,59995,219125
"E14000545","Basingstoke",25769,0,14706,3919,0,0,8290,"Conservative","Labour",52684,48.6,0,27.7,7.4,0,0,15.6,26074,36156,49376,85532,0.577281017630828,60000,210000
"E14000546","Bassetlaw",15122,1006,23965,1331,0,0,7865,"Labour","Conservative",49289,30.7,2,48.6,2.7,0,0,16,21182,26741,56553,83294,0.678956467452638,41000,122000
"E14000547","Bath",17833,5634,6216,14000,0,0,2922,"Conservative","Liberal Democrat",46605,37.8,11.9,13.2,29.7,0,0,6.2,15671,36330,39660,75990,0.521910777733912,64000,250000
"E14000548","Batley & Spen",15769,1232,21826,2396,0,0,9080,"Labour","Conservative",50303,31.2,2.4,43.2,4.7,0,0,18,26359,32568,50548,83116,0.608162086722171,42175,117500
"E14000549","Battersea",26730,1682,18792,2241,0,0,1586,"Conservative","Labour",51031,52.4,3.3,36.8,4.4,0,0,3.1,18589,57462,34380,91842,0.374338537923826,107375,515000
"E14000550","Beaconsfield",33621,2231,6074,3927,0,0,7310,"Conservative","UKIP",53163,63.2,4.2,11.4,7.4,0,0,13.8,21648,23750,55291,79041,0.699523032350299,110000,370000
"E14000551","Beckenham",27955,1878,9484,3378,0,0,6108,"Conservative","Labour",48803,57.3,3.8,19.4,6.9,0,0,12.5,19110,24135,46448,70583,0.658062139608688,92250,330000
"E14000552","Bedford",19625,1412,18528,1958,0,0,4434,"Conservative","Labour",45957,42.6,3.1,40.2,4.2,0,0,9.6,23373,33297,46076,79373,0.58049966613332,46000,162500
"E14000553","Bermondsey & Old Southwark",6051,2023,22146,17657,0,0,3254,"Labour","Liberal Democrat",51131,11.8,3.9,43.1,34.3,0,0,6.3,22669,69501,40968,110469,0.370855172039215,92000,370000
"E14000554","Berwick-upon-Tweed",16603,1488,6042,11689,0,0,4513,"Conservative","Liberal Democrat",40335,41.1,3.7,14.9,28.9,0,0,11.2,13141,16905,45512,62417,0.729160324911482,48500,155000
"E14000555","Bethnal Green & Bow",8070,4906,32387,2395,0,0,3219,"Labour","Conservative",50977,15.2,9.3,61.2,4.5,0,0,6.1,27680,71084,34087,105171,0.324110258531344,74995,330000
"E14000556","Beverley & Holderness",25363,1802,13160,2900,0,0,8794,"Conservative","Labour",52019,48.1,3.4,25,5.5,0,0,16.7,18736,22471,59031,81502,0.724288974503693,53000,142500
"E14000557","Bexhill & Battle",30245,2807,7797,4199,0,0,10170,"Conservative","UKIP",55218,54.8,5.1,14.1,7.6,0,0,18.4,18640,19516,63148,82664,0.763911739088358,60000,225000
"E14000558","Bexleyheath & Crayford",20643,950,11451,1308,0,0,9182,"Conservative","Labour",43534,47.3,2.2,26.2,3,0,0,21,20765,25788,42471,68259,0.62220366545071,69995,220000
"E14000559","Birkenhead",5816,1626,26468,1396,0,0,3838,"Labour","Conservative",39144,14.9,4.2,67.6,3.6,0,0,9.8,20282,25814,42884,68698,0.624239424728522,33780,110000
"E14000560","Birmingham Edgbaston",15812,1371,18518,1184,0,0,4154,"Labour","Conservative",41039,38.3,3.3,44.8,2.9,0,0,10.1,20695,38001,39660,77661,0.510681036813845,52000,163000
"E14000561","Birmingham Erdington",10695,948,15824,965,0,0,6040,"Labour","Conservative",34472,30.8,2.7,45.6,2.8,0,0,17.4,24883,31799,42515,74314,0.572099469817262,42000,109475
"E14000562","Birmingham Hall Green",8329,2200,28147,5459,0,0,2131,"Labour","Conservative",46266,17.7,4.7,59.8,11.6,0,0,4.5,33323,41680,42670,84350,0.505868405453468,46500,160000
"E14000563","Birmingham Hodge Hill",4707,835,28069,2624,0,0,4651,"Labour","Conservative",40886,11.5,2,68.4,6.4,0,0,11.3,42202,42398,40359,82757,0.487680800415675,36500,105000
"E14000564","Birmingham Ladywood",4576,1501,26444,1374,0,0,1805,"Labour","Conservative",35700,12.7,4.2,73.6,3.8,0,0,5,34594,62420,34625,97045,0.356793240249369,31900,117000
"E14000565","Birmingham Northfield",15164,1169,17673,1349,0,0,7106,"Labour","Conservative",42461,35.7,2.8,41.6,3.2,0,0,16.7,25086,30743,46573,77316,0.602372083398003,44500,123500
"E14000566","Birmingham Perry Barr",8869,1330,23697,2001,0,0,5032,"Labour","Conservative",40929,21.5,3.2,57.4,4.8,0,0,12.2,28587,38041,42179,80220,0.525791573173772,41850,115000
"E14000567","Birmingham Selly Oak",13137,2301,21584,2517,0,0,5755,"Labour","Conservative",45294,29,5.1,47.7,5.6,0,0,12.7,21507,41903,41987,83890,0.500500655620455,46500,139500
"E14000568","Birmingham Yardley",5760,698,17129,10534,0,0,6637,"Labour","Liberal Democrat",40758,14,1.7,41.6,25.6,0,0,16.1,29659,34709,44853,79562,0.563749025916895,44000,120000
"E14000569","Bishop Auckland",12799,1545,16307,1723,0,0,7015,"Labour","Conservative",39389,32.5,3.9,41.4,4.4,0,0,17.8,17217,21896,48406,70302,0.68854371141646,40000,110000
"E14000570","Blackburn",12002,0,24762,955,0,0,6280,"Labour","Conservative",43999,27.3,0,56.3,2.2,0,0,14.3,29741,34074,43571,77645,0.561156545817503,33000,95000
"E14000571","Blackley & Broughton",5581,1567,22982,874,0,0,6108,"Labour","UKIP",37112,15,4.2,61.9,2.4,0,0,16.5,31458,41899,41561,83460,0.49797507788162,28500,100000
"E14000572","Blackpool North & Cleveleys",17508,889,14168,948,0,0,5823,"Conservative","Labour",39336,44.4,2.3,36,2.4,0,0,14.8,16149,20754,46575,67329,0.691752439513434,44950,109725
"E14000573","Blackpool South",10963,841,13548,743,0,0,5613,"Labour","Conservative",31708,33.8,2.6,41.8,2.3,0,0,17.3,16809,22143,41647,63790,0.652876626430475,38000,90000
"E14000574","Blaydon",7838,1648,22090,5497,0,0,7863,"Labour","UKIP",44936,17.4,3.7,49.2,12.2,0,0,17.5,17327,22456,48546,71002,0.683727218951579,42000,133973
"E14000575","Blyth Valley",8346,1453,17813,2265,0,0,8584,"Labour","UKIP",38461,21.7,3.8,46.3,5.9,0,0,22.3,16826,21842,43559,65401,0.666029571413281,39500,120000
"E14000576","Bognor Regis & Littlehampton",24185,1942,6508,4240,0,0,10241,"Conservative","UKIP",47116,51.3,4.1,13.8,9,0,0,21.7,18779,25709,56747,82456,0.688209469292714,54000,195000
"E14000577","Bolsover",10764,0,22542,1464,0,0,9228,"Labour","Conservative",43998,24.5,0,51.2,3.3,0,0,21,19324,25148,50882,76030,0.669235827962646,38000,100000
"E14000578","Bolton North East",14164,1103,18541,1236,0,0,8117,"Labour","Conservative",43161,32.8,2.6,43,2.9,0,0,18.8,22092,28716,45546,74262,0.613315019794781,38950,110000
"E14000579","Bolton South East",8289,1200,20555,1072,0,0,9627,"Labour","UKIP",40743,20.3,2.9,50.5,2.6,0,0,23.6,26774,31915,44568,76483,0.582717728122589,34950,81500
"E14000580","Bolton West",19744,0,18943,1947,0,0,7428,"Conservative","Labour",48062,40.6,0,39,4,0,0,15.3,20150,25719,49410,75129,0.657668809647406,45000,125000
"E14000581","Bootle",3639,1501,33619,978,0,0,4915,"Labour","UKIP",44652,8.1,3.3,74.5,2.2,0,0,10.9,21454,28332,48420,76752,0.630863039399625,37000,105995
"E14000582","Boston & Skegness",18981,800,7142,1015,0,0,14645,"Conservative","UKIP",42583,43.8,1.8,16.5,2.3,0,0,33.8,20122,26422,56501,82923,0.681367051360901,41000,125000
"E14000583","Bosworth",22939,0,9354,11951,0,0,9338,"Conservative","Liberal Democrat",53582,42.8,0,17.5,22.3,0,0,17.4,20016,25474,54297,79771,0.680660891802785,47000,150000
"E14000584","Bournemouth East",22060,3263,7448,3752,0,0,7401,"Conservative","Labour",43924,49.2,7.3,16.6,8.4,0,0,16.5,20251,35772,49459,85231,0.580293555161854,52000,202000
"E14000585","Bournemouth West",20155,3107,7386,3281,0,0,7745,"Conservative","UKIP",41674,48.2,7.4,17.7,7.9,0,0,18.5,16859,37808,46413,84221,0.551085833699434,53900,190000
"E14000586","Bracknell",29606,2202,8956,3983,0,0,8339,"Conservative","Labour",53086,55.8,4.1,16.9,7.5,0,0,15.7,25330,32708,50249,82957,0.605723447087045,69950,245500
"E14000587","Bradford East",4682,871,19312,12228,0,0,4103,"Labour","Liberal Democrat",41196,11.3,2.1,46.6,29.5,0,0,9.9,35253,38717,41651,80368,0.518253533744774,35000,91250
"E14000588","Bradford South",9878,1243,16328,1094,0,0,9057,"Labour","Conservative",37600,26.3,3.3,43.4,2.9,0,0,24.1,26799,30718,44910,75628,0.593827682868779,39000,103000
"E14000589","Bradford West",6160,1085,19977,1173,0,0,3140,"Labour","Conservative",31535,15.3,2.7,49.6,2.9,0,0,7.8,33972,44335,37578,81913,0.458755020570605,37000,105000
"E14000590","Braintree",27071,1564,9296,2488,0,0,9461,"Conservative","UKIP",49880,53.8,3.1,18.5,4.9,0,0,18.8,21662,26020,51573,77593,0.664660471949789,58000,192500
"E14000591","Brent Central",9567,1912,29216,3937,0,0,1850,"Labour","Conservative",46482,20.3,4.1,62.1,8.4,0,0,3.9,34031,55153,51850,107003,0.484565853293833,72000,320000
"E14000592","Brent North",17517,1539,28351,2607,0,0,2024,"Labour","Conservative",52038,33.5,2.9,54.3,5,0,0,3.9,29641,49142,52546,101688,0.516737471481394,80000,288000
"E14000593","Brentford & Isleworth",24631,2120,25096,2305,0,0,3203,"Labour","Conservative",57355,42.9,3.7,43.8,4,0,0,5.6,28322,52637,50975,103612,0.491979693471799,87725,350000
"E14000594","Brentwood & Ongar",30534,1397,6492,4577,0,0,8724,"Conservative","UKIP",51724,58.8,2.7,12.5,8.8,0,0,16.8,19349,23754,50927,74681,0.681927130059855,77000,280000
"E14000595","Bridgwater & Somerset West",25020,2636,9589,6765,0,0,10437,"Conservative","UKIP",54447,46,4.8,17.6,12.4,0,0,19.2,21307,25894,61296,87190,0.703016400963413,49000,165000
"E14000596","Brigg & Goole",22946,915,11770,764,0,0,6694,"Conservative","Labour",43089,53,2.1,27.2,1.8,0,0,15.5,17341,21563,48626,70189,0.692786618985881,41950,124950
"E14000597","Brighton Kemptown",18428,3187,17738,1365,0,0,4446,"Conservative","Labour",45164,40.7,7,39.2,3,0,0,9.8,17239,32181,43777,75958,0.576331656968325,54975,235000
"E14000598","Brighton Pavilion",12448,22871,14904,1525,0,0,2724,"Green Party","Labour",54472,22.8,41.8,27.3,2.8,0,0,5,18336,48112,40286,88398,0.455734292631055,53000,250000
"E14000599","Bristol East",14168,3827,18148,2689,0,0,7152,"Labour","Conservative",45984,30.7,8.3,39.3,5.8,0,0,15.5,21043,33530,42211,75741,0.55730713880197,43000,153500
"E14000600","Bristol North West",22767,2952,17823,3214,0,0,4889,"Conservative","Labour",51645,43.9,5.7,34.4,6.2,0,0,9.4,22938,33146,46038,79184,0.581405334410992,57000,194000
"E14000601","Bristol South",12377,5861,19505,4416,0,0,8381,"Labour","Conservative",50540,24.3,11.5,38.4,8.7,0,0,16.5,24044,38875,46381,85256,0.544020362203247,42500,170000
"E14000602","Bristol West",9752,17227,22900,12103,0,0,1940,"Labour","Green Party",63922,15.2,26.8,35.7,18.8,0,0,3,22516,69773,36997,106770,0.346511192282476,58000,210000
"E14000603","Broadland",26808,2252,9970,5178,0,0,8881,"Conservative","Labour",53089,50.5,4.2,18.8,9.8,0,0,16.7,18497,20989,56514,77503,0.729184676722191,55000,185000
"E14000604","Bromley & Chislehurst",23343,1823,9779,2836,0,0,6285,"Conservative","Labour",44066,53,4.1,22.2,6.4,0,0,14.3,20900,26839,43255,70094,0.617099894427483,79500,282000
"E14000605","Bromsgrove",28133,1729,11604,2616,0,0,8163,"Conservative","Labour",52245,53.8,3.3,22.2,5,0,0,15.6,19096,22541,53107,75648,0.702027813028765,71000,205000
"E14000606","Broxbourne",25797,1216,8470,1467,0,0,9074,"Conservative","UKIP",46024,56.1,2.6,18.4,3.2,0,0,19.7,22483,28257,49476,77733,0.636486434332909,71500,240000
"E14000607","Broxtowe",24163,1544,19876,2120,0,0,5674,"Conservative","Labour",53377,45.2,2.9,37.2,4,0,0,10.6,18628,27623,50256,77879,0.645308748186289,48000,140000
"E14000608","Buckingham",34617,7400,0,0,0,0,11675,"Conservative","UKIP",53692,64.5,13.8,0,0,0,0,21.7,21786,22272,55644,77916,0.714153703988911,85000,274995
"E14000609","Burnley",5374,850,14951,11707,0,0,6864,"Labour","Liberal Democrat",39746,13.5,2.1,37.6,29.5,0,0,17.3,19457,25134,42303,67437,0.627296587926509,32000,73000
"E14000610","Burton",24736,1224,13484,1232,0,0,8658,"Conservative","Labour",49334,50.1,2.5,27.3,2.5,0,0,17.5,22747,29977,51217,81194,0.630797842205089,42500,135000
"E14000611","Bury North",18970,1141,18592,932,0,0,5595,"Conservative","Labour",45230,41.9,2.5,41.1,2.1,0,0,12.4,19600,24210,44208,68418,0.646145751118127,43500,121500
"E14000612","Bury South",16350,1434,21272,1690,0,0,6299,"Labour","Conservative",47045,34.6,3,45.1,3.6,0,0,13.3,22759,28003,47747,75750,0.630323432343234,45000,125000
"E14000613","Bury St Edmunds",31815,4692,10514,3581,0,0,8739,"Conservative","Labour",59341,53.6,7.9,17.7,6,0,0,14.7,23424,30568,60866,91434,0.665682350110462,54500,181750
"E14000614","Calder Valley",23354,2090,18927,2666,0,0,5950,"Conservative","Labour",52987,43.6,3.9,35.4,5,0,0,11.1,21479,25572,56612,82184,0.688844543950161,46500,130000
"E14000615","Camberwell & Peckham",6790,5187,32614,2580,0,0,2413,"Labour","Conservative",49584,13.2,10.1,63.3,5,0,0,4.7,29953,52744,45517,98261,0.463225491293596,71500,305000
"E14000616","Camborne & Redruth",18452,2608,11448,5687,0,0,6776,"Conservative","Labour",44971,40.2,5.7,25,12.4,0,0,14.8,17459,22221,47242,69463,0.68010307645797,42000,160000
"E14000617","Cambridge",8117,4109,18646,18047,0,0,2668,"Labour","Liberal Democrat",51587,15.7,7.9,36,34.9,0,0,5.2,19581,56235,41352,97587,0.423744966030311,69000,304995
"E14000618","Cannock Chase",20811,906,15888,1270,0,0,8224,"Conservative","Labour",47099,44.2,1.9,33.7,2.7,0,0,17.5,20599,27742,49778,77520,0.642131062951496,44950,125000
"E14000619","Canterbury",22918,3746,13120,6227,0,0,7289,"Conservative","Labour",53300,42.9,7,24.5,11.6,0,0,13.6,19986,41764,50690,92454,0.548272654509269,58000,222111
"E14000620","Carlisle",18873,1125,16099,1087,0,0,5277,"Conservative","Labour",42461,44.3,2.6,37.8,2.6,0,0,12.4,16899,25384,44002,69386,0.6341625111694,42375,115250
"E14000621","Carshalton & Wallington",15093,1492,7150,16603,0,0,7049,"Liberal Democrat","Conservative",47387,31.7,3.1,15,34.9,0,0,14.8,23485,30057,44526,74583,0.596999316198061,74500,245850
"E14000622","Castle Point",23112,1076,6283,801,0,0,14178,"Conservative","UKIP",45450,50.9,2.4,13.8,1.8,0,0,31.2,16933,21194,50443,71637,0.704147298183899,57000,200000
"E14000623","Devon Central",28436,4866,6985,6643,0,0,7171,"Conservative","UKIP",54101,52.2,8.9,12.8,12.2,0,0,13.2,17377,18821,53747,72568,0.740643258736633,60000,214995
"E14000624","Suffolk Central & Ipswich North",30317,2664,10173,3314,0,0,7459,"Conservative","Labour",53927,56.1,4.9,18.8,6.1,0,0,13.8,21281,21965,55921,77886,0.717985260508949,60000,192000
"E14000625","Charnwood",28384,0,11453,3605,0,0,8330,"Conservative","Labour",51772,54.3,0,21.9,6.9,0,0,15.9,19758,24570,52565,77135,0.681467556880793,53500,167250
"E14000626","Chatham & Aylesford",21614,1101,10159,1360,0,0,8581,"Conservative","Labour",42815,50.2,2.6,23.6,3.2,0,0,19.9,23653,31080,45210,76290,0.592607156901298,48000,159000
"E14000627","Cheadle",22889,0,8673,16436,0,0,4423,"Conservative","Liberal Democrat",52421,43.1,0,16.3,31,0,0,8.3,19104,21444,50800,72244,0.703172581806102,65150,200000
"E14000628","Chelmsford",27732,1892,9482,6394,0,0,7652,"Conservative","Labour",53152,51.5,3.5,17.6,11.9,0,0,14.2,22868,33607,50544,84151,0.600634573564188,57000,215250
"E14000629","Chelsea & Fulham",25322,1474,9300,2091,0,0,2039,"Conservative","Labour",40226,62.9,3.7,23.1,5.2,0,0,5.1,18552,43754,42437,86191,0.492359991182374,162000,778750
"E14000630","Cheltenham",24790,2689,3902,18274,0,0,3808,"Conservative","Liberal Democrat",53463,46.1,5,7.3,34,0,0,7.1,20743,35228,49027,84255,0.581888315233517,56995,205000
"E14000631","Chesham & Amersham",31138,2902,6712,4761,0,0,7218,"Conservative","UKIP",52731,59.1,5.5,12.7,9,0,0,13.7,21596,19961,51693,71654,0.721425182125213,117500,375000
"E14000632","Chesterfield",8231,1352,21829,6301,0,0,7523,"Labour","Conservative",45236,18.1,3,47.9,13.8,0,0,16.5,18204,25356,50038,75394,0.663686765525108,40000,125000
"E14000633","Chichester",32953,3742,6933,4865,0,0,8540,"Conservative","UKIP",57033,57.7,6.5,12.1,8.5,0,0,14.9,19525,24889,61531,86420,0.71199953714418,73000,270000
"E14000634","Chingford & Woodford Green",20999,1854,12613,2400,0,0,5644,"Conservative","Labour",43510,47.9,4.2,28.8,5.5,0,0,12.9,19769,26827,43648,70475,0.61934019155729,82000,300000
"E14000635","Chippenham",26354,2330,4561,16278,0,0,5884,"Conservative","Liberal Democrat",55407,47.6,4.2,8.2,29.4,0,0,10.6,21496,24297,51807,76104,0.680739514348786,59000,196995
"E14000636","Chipping Barnet",25759,2501,18103,2381,0,0,4151,"Conservative","Labour",52895,48.6,4.7,34.1,4.5,0,0,7.8,26190,34750,54216,88966,0.60940134433379,95000,369950
"E14000637","Chorley",18792,1111,23322,1354,0,0,6995,"Labour","Conservative",51574,36.3,2.1,45.1,2.6,0,0,13.5,20678,26897,50541,77438,0.652664066737261,45000,145000
"E14000638","Christchurch",28887,2149,4745,3263,0,0,10663,"Conservative","UKIP",49707,58.1,4.3,9.5,6.6,0,0,21.5,13803,15691,55126,70817,0.778428908312976,75000,260000
"E14000639","Cities of London & Westminster",19570,1953,9899,2521,0,0,1894,"Conservative","Labour",35837,54.1,5.4,27.4,7,0,0,5.2,15388,52048,47039,99087,0.474724232240354,154000,795000
"E14000640","Chester, City of",22025,0,22118,2870,0,0,4148,"Labour","Conservative",51161,43.1,0,43.2,5.6,0,0,8.1,17413,30350,46547,76897,0.605316202192543,54995,177000
"E14000641","Durham, City of",10157,2687,21596,5183,0,0,5232,"Labour","Conservative",44855,22.2,5.9,47.3,11.3,0,0,11.4,15818,35479,45383,80862,0.561240137518241,49000,123750
"E14000642","Clacton",16205,1184,6364,812,0,0,19642,"UKIP","Conservative",44207,36.7,2.7,14.4,1.8,0,0,44.4,15268,17017,53553,70570,0.758863539747768,47000,150000
"E14000643","Cleethorpes",21026,1013,13133,1346,0,0,8356,"Conservative","Labour",44874,46.6,2.2,29.1,3,0,0,18.5,18761,22935,51974,74909,0.693828511927806,42950,125000
"E14000644","Colchester",18919,2499,7852,13344,0,0,5870,"Conservative","Liberal Democrat",48484,38.9,5.1,16.2,27.5,0,0,12.1,24717,41042,46803,87845,0.532790710911264,48000,171000
"E14000645","Colne Valley",25246,1919,19868,3407,0,0,5734,"Conservative","Labour",56174,44.4,3.4,35,6,0,0,10.1,24162,29526,56749,86275,0.657768762677485,44500,133200
"E14000646","Congleton",27164,1876,10391,4623,0,0,6922,"Conservative","Labour",50976,53.3,3.7,20.4,9.1,0,0,13.6,17912,20855,53612,74467,0.719943062027475,57500,162000
"E14000647","Copeland",14186,1179,16750,1368,0,0,6148,"Labour","Conservative",39631,35.8,3,42.3,3.5,0,0,15.5,15091,19568,45496,65064,0.699249969261035,44000,122498
"E14000648","Corby",24023,1374,21611,1458,0,0,7708,"Conservative","Labour",56174,42.8,2.4,38.5,2.6,0,0,13.7,26139,31067,56244,87311,0.644180000229066,44000,149995
"E14000649","Coventry North East",9751,1245,22025,2007,0,0,6278,"Labour","Conservative",41306,23.1,2.9,52.2,4.8,0,0,14.9,29338,40428,45501,85929,0.529518556017177,37475,118000
"E14000650","Coventry North West",14048,1961,18557,1810,0,0,7101,"Labour","Conservative",43477,31,4.3,41,4,0,0,15.7,22404,35574,46361,81935,0.565826569841948,42850,130000
"E14000651","Coventry South",15284,1719,18472,1779,0,0,5709,"Labour","Conservative",42963,35,3.9,42.3,4.1,0,0,13.1,21435,45131,43638,88769,0.491590532731021,47000,139950
"E14000652","Crawley",22829,1100,16303,1339,0,0,6979,"Conservative","Labour",48550,47,2.3,33.6,2.8,0,0,14.4,25521,37114,46336,83450,0.555254643499101,59000,205000
"E14000653","Crewe & Nantwich",22445,0,18825,1374,0,0,7252,"Conservative","Labour",49896,45,0,37.7,2.8,0,0,14.5,23188,31067,54246,85313,0.635846822875763,46950,136050
"E14000654","Croydon Central",22753,1454,22588,1152,0,0,4810,"Conservative","Labour",52757,43,2.7,42.7,2.2,0,0,9.1,28934,38816,49305,88121,0.55951475811668,70000,225000
"E14000655","Croydon North",12149,2515,33513,1919,0,0,2899,"Labour","Conservative",52995,22.7,4.7,62.6,3.6,0,0,5.4,37266,48551,54972,103523,0.531012432019938,65000,222000
"E14000656","Croydon South",31448,2154,14308,3448,0,0,6068,"Conservative","Labour",57426,54.5,3.7,24.8,6,0,0,10.5,25428,33899,55581,89480,0.621155565489495,89000,285000
"E14000657","Dagenham & Rainham",10492,806,17830,717,0,0,12850,"Labour","UKIP",42695,24.4,1.9,41.4,1.7,0,0,29.8,27191,32109,45381,77490,0.585636856368564,62500,199995
"E14000658","Darlington",14479,1444,17637,1966,0,0,5392,"Labour","Conservative",40918,35.2,3.5,42.9,4.8,0,0,13.1,19889,25555,45703,71258,0.641373600157175,40500,113725
"E14000659","Dartford",25670,1324,13325,1454,0,0,10434,"Conservative","Labour",52207,49,2.5,25.4,2.8,0,0,19.9,24338,32913,49255,82168,0.599442605393827,59995,205000
"E14000660","Daventry",30550,1829,9491,2352,0,0,8296,"Conservative","Labour",52518,58.2,3.5,18.1,4.5,0,0,15.8,19920,22110,52646,74756,0.70423778693349,59000,192500
"E14000661","Denton & Reddish",9150,1466,19661,957,0,0,7225,"Labour","Conservative",38459,23.7,3.8,50.8,2.5,0,0,18.7,18268,25055,42825,67880,0.630892751915144,41000,114000
"E14000662","Derby North",16402,1618,16361,3832,0,0,6532,"Conservative","Labour",44745,36.7,3.6,36.6,8.6,0,0,14.6,21141,34827,44958,79785,0.563489377702576,41000,132250
"E14000663","Derby South",11179,1208,20007,1717,0,0,6341,"Labour","Conservative",40452,27.4,3,49,4.2,0,0,15.5,28949,37267,45315,82582,0.548727325567315,36000,112500
"E14000664","Derbyshire Dales",24805,2173,10761,3965,0,0,5508,"Conservative","Labour",47212,52.4,4.6,22.7,8.4,0,0,11.6,14479,15778,48673,64451,0.755193868209958,64728,222000
"E14000665","Devizes",28295,2853,6360,3954,0,0,7544,"Conservative","UKIP",49006,57.7,5.8,13,8.1,0,0,15.4,22059,29434,48669,78103,0.62313867585112,70000,225000
"E14000666","Dewsbury",20955,1366,22406,1924,0,0,6649,"Labour","Conservative",53300,39.1,2.5,41.8,3.6,0,0,12.4,26683,32338,52627,84965,0.619396221973754,45995,137950
"E14000667","Don Valley",10736,0,19621,1487,0,0,9963,"Labour","Conservative",41807,25.3,0,46.2,3.5,0,0,23.5,20250,26652,52025,78677,0.661247886930107,43500,120000
"E14000668","Doncaster Central",8386,0,19840,1717,0,0,9747,"Labour","UKIP",39690,20.7,0,49.1,4.2,0,0,24.1,22799,32975,50401,83376,0.604502494722702,38000,110000
"E14000669","Doncaster North",7235,757,20708,1005,0,0,8928,"Labour","UKIP",38633,18.3,1.9,52.4,2.5,0,0,22.6,21927,27152,49441,76593,0.645502852741112,35950,100750
"E14000670","Dover",21737,1295,15443,1572,0,0,10177,"Conservative","Labour",50224,43.3,2.6,30.7,3.1,0,0,20.3,20331,24437,53674,78111,0.687150337340451,47500,160000
"E14000671","Dudley North",11704,517,15885,478,0,0,9113,"Labour","Conservative",37697,30.8,1.4,41.8,1.3,0,0,24,18489,23046,40447,63493,0.637030853794907,45950,120000
"E14000672","Dudley South",16723,970,12453,828,0,0,7236,"Conservative","Labour",38210,43.8,2.5,32.6,2.2,0,0,18.9,17125,21955,41001,62956,0.651264375119131,47625,130000
"E14000673","Dulwich & West Norwood",11650,4844,27772,5055,0,0,1606,"Labour","Conservative",50927,22.7,9.4,54.1,9.8,0,0,3.1,26417,44994,41829,86823,0.481773262845099,80000,344000
"E14000674","Ealing Central & Acton",21728,1841,22002,3106,0,0,1926,"Labour","Conservative",50603,42.7,3.6,43.2,6.1,0,0,3.8,24806,49230,47055,96285,0.488705405826453,97500,417000
"E14000675","Ealing North",14419,1635,26745,1575,0,0,3922,"Labour","Conservative",48296,29.7,3.4,55.1,3.2,0,0,8.1,31032,42684,48707,91391,0.532951822389513,73375,285000
"E14000676","Ealing Southall",9387,2007,28147,1550,0,0,1769,"Labour","Conservative",42860,21.7,4.6,65,3.6,0,0,4.1,23678,36323,38979,75302,0.517635653767496,74000,282000
"E14000677","Easington",4478,733,21132,834,0,0,6491,"Labour","UKIP",33668,12.9,2.1,61,2.4,0,0,18.7,17085,23000,42753,65753,0.650206074247563,30000,80000
"E14000678","Devon East",25401,0,5591,3715,0,0,6870,"Conservative","UKIP",41577,46.4,0,10.2,6.8,0,0,12.6,17700,21293,57459,78752,0.729619565217391,63000,229995
"E14000679","East Ham",6311,1299,40563,856,0,0,2622,"Labour","Conservative",51651,12.1,2.5,77.6,1.6,0,0,5,41865,67198,45766,112964,0.405137920045324,58000,230000
"E14000680","Hampshire East",31334,3176,5220,5732,0,0,6187,"Conservative","UKIP",51649,60.7,6.1,10.1,11.1,0,0,12,20747,22496,53354,75850,0.703414634146341,76500,276000
"E14000681","Surrey East",32211,2159,6627,5189,0,0,9553,"Conservative","UKIP",55739,57.4,3.8,11.8,9.2,0,0,17,23127,27592,56632,84224,0.672397416413374,81000,295000
"E14000682","Worthing East & Shoreham",24686,2605,9737,3360,0,0,8267,"Conservative","Labour",48655,49.5,5.2,19.5,6.7,0,0,16.6,20325,24829,52605,77434,0.679352739106852,53000,217000
"E14000683","Yorkshire East",25276,1731,10343,2966,0,0,8955,"Conservative","Labour",49271,50.6,3.5,20.7,5.9,0,0,17.9,18544,21809,60627,82436,0.735443252947741,49500,137264
"E14000684","Eastbourne",20934,1351,4143,20201,0,0,6139,"Conservative","Liberal Democrat",52768,39.6,2.6,7.8,38.2,0,0,11.6,20670,28182,59070,87252,0.677004538577912,51000,175000
"E14000685","Eastleigh",23464,1513,7181,14317,0,0,8783,"Conservative","Liberal Democrat",55258,42.3,2.7,12.9,25.8,0,0,15.8,22962,30594,52484,83078,0.631743662582152,59000,205000
"E14000686","Eddisbury",24167,1624,11193,4289,0,0,5778,"Conservative","Labour",47051,51,3.4,23.6,9.1,0,0,12.2,17665,19181,49033,68214,0.718811387691676,67495,200000
"E14000687","Edmonton",9969,1358,25388,897,0,0,3366,"Labour","Conservative",40978,24.1,3.3,61.4,2.2,0,0,8.1,32537,38553,44502,83055,0.535813617482391,66000,229998
"E14000688","Ellesmere Port & Neston",16041,990,22316,1563,0,0,5594,"Labour","Conservative",46504,34.3,2.1,47.8,3.3,0,0,12,17687,22340,46886,69226,0.677288879900615,53998,143000
"E14000689","Elmet & Rothwell",27978,1261,19488,2640,0,0,6430,"Conservative","Labour",57797,48.4,2.2,33.7,4.6,0,0,11.1,20058,24146,55640,79786,0.697365452585667,57000,175000
"E14000690","Eltham",15700,1275,18393,1308,0,0,6481,"Labour","Conservative",43157,36.4,3,42.6,3,0,0,15,20468,29935,41170,71105,0.579002883060263,73500,250000
"E14000691","Enfield North",19086,1303,20172,1059,0,0,4133,"Labour","Conservative",45753,41.4,2.8,43.7,2.3,0,0,9,27895,33420,43666,77086,0.56645824144462,72000,249995
"E14000692","Enfield Southgate",22624,1690,17871,1518,0,0,2109,"Conservative","Labour",45812,49.4,3.7,39,3.3,0,0,4.6,20492,34294,45165,79459,0.568406347927862,89995,335000
"E14000693","Epping Forest",27027,1782,7962,3448,0,0,9049,"Conservative","UKIP",49268,54.8,3.6,16.1,7,0,0,18.3,20642,27252,49323,76575,0.64411361410382,82800,300000
"E14000694","Epsom & Ewell",33309,2116,8866,5002,0,0,7117,"Conservative","Labour",56410,58.3,3.7,15.5,8.8,0,0,12.5,23746,27866,55203,83069,0.664543933356607,95850,350000
"E14000695","Erewash",20636,1184,17052,1658,0,0,7792,"Conservative","Labour",48322,42.7,2.5,35.3,3.4,0,0,16.1,19585,26832,48513,75345,0.643878160461875,40000,117000
"E14000696","Erith & Thamesmead",11684,941,21209,972,0,0,7368,"Labour","Conservative",42174,27.4,2.2,49.8,2.3,0,0,17.3,31447,39663,44470,84133,0.52856786278868,60000,182000
"E14000697","Esher & Walton",35845,2355,7229,5372,0,0,5551,"Conservative","Labour",56352,62.9,4.1,12.7,9.4,0,0,9.7,27187,27021,56371,83392,0.675976112816577,106000,430000
"E14000698","Exeter",17879,3491,25062,2321,0,0,5075,"Labour","Conservative",53828,33.1,6.5,46.4,4.3,0,0,9.4,19129,44838,45489,90327,0.503603573682288,50350,182000
"E14000699","Fareham",30689,2129,7800,4814,0,0,8427,"Conservative","UKIP",53859,56.1,3.9,14.3,8.8,0,0,15.4,19888,24979,54373,79352,0.68521272305676,65000,210000
"E14000700","Faversham & Mid Kent",24895,1768,7403,3039,0,0,8243,"Conservative","UKIP",45348,54.4,3.9,16.2,6.6,0,0,18,20675,23117,50081,73198,0.684185360255745,64950,216000
"E14000701","Feltham & Heston",14382,1390,25845,1579,0,0,6209,"Labour","Conservative",49405,29.1,2.8,52.3,3.2,0,0,12.6,32122,49212,49139,98351,0.499628880235076,70000,236000
"E14000702","Filton & Bradley Stoke",22920,2257,13082,3581,0,0,7261,"Conservative","Labour",49101,46.7,4.6,26.6,7.3,0,0,14.8,20456,31772,44002,75774,0.580700504130705,53000,190000
"E14000703","Finchley & Golders Green",25835,1357,20173,1662,0,0,1732,"Conservative","Labour",50759,50.9,2.7,39.7,3.3,0,0,3.4,28075,45542,51016,96558,0.52834565753226,100000,435000
"E14000704","Folkestone & Hythe",26323,2956,7939,4882,0,0,12526,"Conservative","UKIP",54626,47.9,5.4,14.4,8.9,0,0,22.8,22616,27989,63404,91393,0.693751162561684,51500,181000
"E14000705","Forest of Dean",23191,2703,12204,2630,0,0,8792,"Conservative","Labour",49520,46.8,5.5,24.6,5.3,0,0,17.8,16811,19686,50601,70287,0.71991975756541,51875,170000
"E14000706","Fylde",21406,1381,8182,1623,0,0,5569,"Conservative","Labour",38161,49.1,3.2,18.8,3.7,0,0,12.8,15106,18501,48944,67445,0.725687597301505,55000,165000
"E14000707","Gainsborough",25949,1290,10500,3290,0,0,7727,"Conservative","Labour",48756,52.7,2.6,21.3,6.7,0,0,15.7,18349,20802,54106,74908,0.722299353874086,46250,142500
"E14000708","Garston & Halewood",6693,1690,33839,2279,0,0,4482,"Labour","Conservative",48983,13.7,3.5,69.1,4.7,0,0,9.2,19894,27740,50290,78030,0.644495706779444,51250,134995
"E14000709","Gateshead",5502,1548,21549,2585,0,0,6765,"Labour","UKIP",37949,14.5,4.1,56.8,6.8,0,0,17.8,19330,31151,43853,75004,0.584675483974188,37000,117850
"E14000710","Gedling",17321,1534,20307,1906,0,0,6930,"Labour","Conservative",47998,36.1,3.2,42.3,4,0,0,14.4,19363,25586,48617,74203,0.655189143296093,46000,125000
"E14000711","Gillingham & Rainham",22590,1133,12060,1707,0,0,9199,"Conservative","Labour",46689,48,2.4,25.6,3.6,0,0,19.5,22630,30596,47591,78187,0.608681750163071,48000,159000
"E14000712","Gloucester",23827,1485,16586,2828,0,0,7497,"Conservative","Labour",52223,45.3,2.8,31.6,5.4,0,0,14.3,26149,35983,52776,88759,0.59459885758064,45000,145000
"E14000713","Gosport",26364,1707,6926,3298,0,0,9266,"Conservative","UKIP",47561,55.3,3.6,14.5,6.9,0,0,19.4,20568,26449,50860,77309,0.657879418955102,50000,160000
"E14000714","Grantham & Stamford",28399,1872,9070,3263,0,0,9410,"Conservative","UKIP",52014,52.8,3.5,16.9,6.1,0,0,17.5,22455,27000,57201,84201,0.679338725193288,49000,151498
"E14000715","Gravesham",23484,1124,15114,1111,0,0,9306,"Conservative","Labour",50139,46.8,2.2,30.1,2.2,0,0,18.6,23910,30459,49383,79842,0.618509055384384,57995,188000
"E14000716","Great Grimsby",8874,783,13414,1680,0,0,8417,"Labour","Conservative",33168,26.3,2.3,39.8,5,0,0,25,20167,26613,41777,68390,0.610864161427109,32500,95000
"E14000717","Great Yarmouth",19089,978,12935,1030,0,0,10270,"Conservative","Labour",44302,42.9,2.2,29.1,2.3,0,0,23.1,19756,25188,52852,78040,0.677242439774475,41000,135000
"E14000718","Greenwich & Woolwich",12438,2991,24384,2645,0,0,3888,"Labour","Conservative",46346,26.6,6.4,52.2,5.7,0,0,8.3,27458,51439,37861,89300,0.423975363941769,80000,325000
"E14000719","Guildford",30802,2558,6534,8354,0,0,4774,"Conservative","Liberal Democrat",53022,57.1,4.7,12.1,15.5,0,0,8.8,22065,38031,48787,86818,0.561945679467392,82000,320000
"E14000720","Hackney North & Stoke Newington",7341,7281,31357,2492,0,0,1085,"Labour","Conservative",49556,14.7,14.6,62.9,5,0,0,2.2,32906,60817,39785,100602,0.395469274964712,80500,365000
"E14000721","Hackney South & Shoreditch",6420,5519,30693,2186,0,0,1818,"Labour","Conservative",46636,13.5,11.6,64.4,4.6,0,0,3.8,26072,59759,38040,97799,0.388961032321394,74500,387000
"E14000722","Halesowen & Rowley Regis",18933,849,15851,905,0,0,7280,"Conservative","Labour",43818,43.2,1.9,36.2,2.1,0,0,16.6,19058,24492,44803,69295,0.646554585467927,49950,130000
"E14000723","Halifax",17078,1142,17506,1629,0,0,5621,"Labour","Conservative",42976,39,2.6,40,3.7,0,0,12.8,24200,30767,47725,78492,0.608023747643072,37000,105000
"E14000724","Haltemprice & Howden",26414,1809,10219,3055,0,0,6781,"Conservative","Labour",48278,54.2,3.7,21,6.3,0,0,13.9,16644,20370,51626,71996,0.717067614867493,58000,161000
"E14000725","Halton",8007,1017,28292,1097,0,0,6333,"Labour","Conservative",44746,17.8,2.3,62.8,2.4,0,0,14.1,20770,27525,47100,74625,0.631155778894472,43650,121995
"E14000726","Hammersmith",17463,2105,23981,2224,0,0,2105,"Labour","Conservative",47878,36.4,4.4,50,4.6,0,0,4.4,21387,53283,41096,94379,0.435435849076595,97500,455000
"E14000727","Hampstead & Kilburn",22839,2387,23977,3039,0,0,1532,"Labour","Conservative",53774,42.3,4.4,44.4,5.6,0,0,2.8,25467,57222,50957,108179,0.471043363314507,117000,585000
"E14000728","Harborough",27675,2177,8043,7037,0,0,7539,"Conservative","Labour",52471,52.7,4.1,15.3,13.4,0,0,14.4,21123,26912,54107,81019,0.667831002604327,53000,165000
"E14000729","Harlow",21623,954,13273,904,0,0,7208,"Conservative","Labour",43962,48.9,2.2,30,2,0,0,16.3,21656,27875,44224,72099,0.61337882633601,59995,185000
"E14000730","Harrogate & Knaresborough",28153,2351,5409,11782,0,0,5681,"Conservative","Liberal Democrat",53376,52.7,4.4,10.1,22.1,0,0,10.6,21418,24997,55445,80442,0.689254369607916,59000,210000
"E14000731","Harrow East",24668,846,19911,1037,0,0,2333,"Conservative","Labour",48795,50.3,1.7,40.6,2.1,0,0,4.8,23917,34848,47096,81944,0.574733964658791,84000,340000
"E14000732","Harrow West",19677,1310,21885,1567,0,0,2047,"Labour","Conservative",46486,42.2,2.8,47,3.4,0,0,4.4,25057,37800,43170,80970,0.533160429788811,80000,300000
"E14000733","Hartlepool",8256,1341,14076,761,0,0,11052,"Labour","UKIP",35486,20.9,3.4,35.6,1.9,0,0,28,20187,25600,46878,72478,0.646789370567621,36500,115495
"E14000734","Harwich & Essex North",24722,2122,9548,3576,0,0,8464,"Conservative","Labour",48432,51,4.4,19.7,7.4,0,0,17.5,17623,22257,51991,74248,0.700234349746795,52500,187500
"E14000735","Hastings & Rye",22686,1951,17890,1614,0,0,6786,"Conservative","Labour",50927,44.5,3.8,35.1,3.2,0,0,13.3,22054,28374,58328,86702,0.672741113238449,44000,170000
"E14000736","Havant",23159,2352,7149,2929,0,0,9239,"Conservative","UKIP",44828,51.7,5.2,15.9,6.5,0,0,20.6,19305,22948,50374,73322,0.687024358309921,56500,195500
"E14000737","Hayes & Harlington",11143,794,26843,888,0,0,5388,"Labour","Conservative",45056,24.7,1.8,59.6,2,0,0,12,31849,42826,42245,85071,0.496585205299103,68000,240750
"E14000738","Hazel Grove",17882,1140,7584,11330,0,0,5283,"Conservative","Liberal Democrat",43219,41.4,2.6,17.5,26.2,0,0,12.2,15985,18644,44828,63472,0.706264179480716,57500,170000
"E14000739","Hemel Hempstead",26245,1660,11825,2402,0,0,7249,"Conservative","Labour",49381,52.9,3.3,23.8,4.8,0,0,14.6,23001,31046,47926,78972,0.606873322190143,67825,230000
"E14000740","Hemsworth",9694,0,21772,1357,0,0,8565,"Labour","Conservative",41388,22.9,0,51.3,3.2,0,0,20.2,19762,25179,49566,74745,0.663134657836645,43000,117500
"E14000741","Hendon",24328,1015,20604,1088,0,0,2595,"Conservative","Labour",49630,49,2,41.5,2.2,0,0,5.2,32358,47340,49601,96941,0.51166173239393,86000,297000
"E14000742","Henley",32292,3815,6917,6205,0,0,6007,"Conservative","Labour",55236,58.5,6.9,12.5,11.2,0,0,10.9,20793,22523,55199,77722,0.710210751138674,94950,345000
"E14000743","Hereford & Herefordshire South",24844,3415,6042,5002,0,0,7954,"Conservative","UKIP",47257,52.6,7.2,12.8,10.6,0,0,16.8,19836,26744,52178,78922,0.661133777653886,52000,168000
"E14000744","Hertford & Stortford",31593,2681,10084,4385,0,0,7534,"Conservative","Labour",56277,56.1,4.8,17.9,7.8,0,0,13.4,24825,31124,53712,84836,0.63312744589561,71500,250000
"E14000745","Hertsmere",29696,0,11235,2777,0,0,6383,"Conservative","Labour",50091,59.3,0,22.4,5.5,0,0,12.7,23245,28462,49564,78026,0.635224156050547,82000,310000
"E14000746","Hexham",22834,2445,10803,2961,0,0,4302,"Conservative","Labour",43345,52.7,5.6,24.9,6.8,0,0,9.9,14086,15790,46247,62037,0.745474474910134,72000,214225
"E14000747","Heywood & Middleton",9268,1110,20926,1607,0,0,15627,"Labour","UKIP",48538,19.1,2.3,43.1,3.3,0,0,32.2,22807,29449,52081,81530,0.638795535385748,42000,120000
"E14000748","High Peak",22836,1811,17942,2389,0,0,5811,"Conservative","Labour",50789,45,3.6,35.3,4.7,0,0,11.4,18424,23044,49643,72687,0.682969444329798,52000,148000
"E14000749","Hitchin & Harpenden",31488,3053,11433,4484,0,0,4917,"Conservative","Labour",55375,56.9,5.5,20.6,8.1,0,0,8.9,23959,26303,50700,77003,0.658415905873797,86000,300750
"E14000750","Holborn & St Pancras",12014,7013,29062,3555,0,0,2740,"Labour","Conservative",54384,21.9,12.8,52.9,6.5,0,0,5,25794,64728,50452,115180,0.438027435318632,106000,520000
"E14000751","Hornchurch & Upminster",27051,1411,11103,1501,0,0,13977,"Conservative","UKIP",55043,49,2.6,20.1,2.7,0,0,25.3,22224,28287,54378,82665,0.657811649428416,80000,249998
"E14000752","Hornsey & Wood Green",5347,3146,29417,18359,0,0,1271,"Labour","Liberal Democrat",57540,9.3,5.4,50.9,31.8,0,0,2.2,26015,53239,49284,102523,0.480711645191811,89250,399995
"E14000753","Horsham",32627,2198,6499,6647,0,0,7969,"Conservative","UKIP",55940,57.3,3.9,11.4,11.7,0,0,14,23635,25796,55811,81607,0.683899665469874,80000,282500
"E14000754","Houghton & Sunderland South",7105,1095,21218,791,0,0,8280,"Labour","UKIP",38489,18.5,2.8,55.1,2.1,0,0,21.5,17277,23533,46671,70204,0.664791179989744,40000,110000
"E14000755","Hove",20846,3569,22082,1861,0,0,3265,"Labour","Conservative",51623,39.9,6.8,42.3,3.6,0,0,6.3,19418,34711,46360,81071,0.571844432657794,50000,249950
"E14000756","Huddersfield",10841,2798,18186,2365,0,0,5948,"Labour","Conservative",40138,26.8,6.9,44.9,5.8,0,0,14.7,20765,33246,42708,75954,0.562287700450273,42000,111500
"E14000757","Huntingdon",29652,2178,10248,4375,0,0,9473,"Conservative","Labour",55926,53,3.9,18.3,7.8,0,0,16.9,24671,32934,57654,90588,0.636441912836137,59000,190000
"E14000758","Hyndburn",13676,1122,18076,859,0,0,9154,"Labour","Conservative",42887,31.9,2.6,42.1,2,0,0,21.3,21331,26141,44382,70523,0.629326602668633,32125,88500
"E14000759","Ilford North",20874,1023,21463,1130,0,0,4355,"Labour","Conservative",48845,42.7,2.1,43.9,2.3,0,0,8.9,25541,33985,45736,79721,0.573700781475395,77000,272250
"E14000760","Ilford South",13455,1506,33232,1014,0,0,2705,"Labour","Conservative",51912,25.9,2.9,64,2,0,0,5.2,38227,52109,46183,98292,0.469855125544297,68000,250000
"E14000761","Ipswich",21794,1736,18061,1400,0,0,5703,"Conservative","Labour",48694,44.8,3.6,37.1,2.9,0,0,11.7,24361,37387,48702,86089,0.565716874397426,41500,133750
"E14000762","Isle of Wight",28591,9404,8984,5235,0,0,14888,"Conservative","UKIP",67102,40.7,13.4,12.8,7.4,0,0,21.2,25691,31026,81676,112702,0.724707636066796,47000,174000
"E14000763","Islington North",8465,5043,29659,3984,0,0,1971,"Labour","Conservative",49122,17.2,10.2,60.2,8.1,0,0,4,20641,49520,36722,86242,0.425801813501542,95000,415000
"E14000764","Islington South & Finsbury",9839,3371,22547,4829,0,0,3375,"Labour","Conservative",43961,22.2,7.6,50.9,10.9,0,0,7.6,17704,55436,35644,91080,0.391348265261309,120000,529000
"E14000765","Jarrow",6584,1310,21464,1238,0,0,7583,"Labour","UKIP",38179,17.1,3.4,55.7,3.2,0,0,19.7,16819,22198,44098,66296,0.66516833594787,44250,115000
"E14000766","Keighley",21766,1661,18713,1321,0,0,5662,"Conservative","Labour",49123,44.3,3.4,38.1,2.7,0,0,11.5,22646,25587,48974,74561,0.656831319322434,47000,142500
"E14000767","Kenilworth & Southam",28474,1956,7472,4913,0,0,5467,"Conservative","Labour",48282,58.4,4,15.3,10.1,0,0,11.2,15990,18476,47190,65666,0.718636737428806,75000,247500
"E14000768","Kensington",18199,1765,10838,1962,0,0,1557,"Conservative","Labour",34321,52.3,5.1,31.1,5.6,0,0,4.5,20711,45023,48036,93059,0.516188654509505,177000,980000
"E14000769","Kettering",24467,1633,11877,1490,0,0,7600,"Conservative","Labour",47067,51.8,3.5,25.2,3.2,0,0,16.1,21594,26718,47436,74154,0.639695768266041,39150,135000
"E14000770","Kingston & Surbiton",23249,2322,8574,20415,0,0,4321,"Conservative","Liberal Democrat",58881,39.2,3.9,14.5,34.5,0,0,7.3,25166,46311,51094,97405,0.524552127714183,80000,315000
"E14000771","Hull East",5593,806,18180,2294,0,0,7861,"Labour","UKIP",34734,15.9,2.3,51.7,6.5,0,0,22.4,20174,28374,43508,71882,0.605269747641969,36500,85000
"E14000772","Hull North",5306,2066,18661,3175,0,0,5762,"Labour","UKIP",34970,15,5.8,52.8,9,0,0,16.3,20848,36917,37423,74340,0.503403282216841,35000,107000
"E14000773","Hull West & Hessle",5561,943,15646,3169,0,0,6313,"Labour","UKIP",31632,17.5,3,49.2,10,0,0,19.9,17192,28122,39914,68036,0.586660003527544,34000,92000
"E14000774","Kingswood",23252,1370,14246,1827,0,0,7133,"Conservative","Labour",47828,48.3,2.8,29.6,3.8,0,0,14.8,19039,25286,44688,69974,0.638637208105868,54000,178000
"E14000775","Knowsley",3367,1270,39628,1490,0,0,4973,"Labour","UKIP",50728,6.6,2.5,78.1,2.9,0,0,9.8,23087,29714,51085,80799,0.632247923860444,42000,100000
"E14000776","Lancaster & Fleetwood",16378,2093,17643,1390,0,0,4060,"Labour","Conservative",41564,39.2,5,42.3,3.3,0,0,9.7,15570,32192,40472,72664,0.55697456787405,44000,125000
"E14000777","Leeds Central",7791,3558,24758,1529,0,0,7082,"Labour","Conservative",44718,17.3,7.9,55,3.4,0,0,15.7,27468,69318,40875,110193,0.370940077863385,32500,93000
"E14000778","Leeds East",7997,1117,20530,1296,0,0,7256,"Labour","Conservative",38196,20.9,2.9,53.7,3.4,0,0,19,24999,29349,41666,71015,0.58672111525734,41500,124950
"E14000779","Leeds North East",15887,2541,23137,2569,0,0,3706,"Labour","Conservative",47840,32.9,5.3,47.9,5.3,0,0,7.7,20337,30024,42167,72191,0.584103281572495,57000,187000
"E14000780","Leeds North West",8083,3042,13041,15948,0,0,2997,"Liberal Democrat","Labour",43111,18.6,7,30.1,36.8,0,0,6.9,13070,36966,35148,72114,0.487394957983193,57000,179950
"E14000781","Leeds West",7729,3217,18456,1495,0,0,7104,"Labour","Conservative",38001,20.1,8.4,48,3.9,0,0,18.5,19425,36062,38023,74085,0.513234797867315,41000,107500
"E14000782","Leicester East",11034,1468,29386,1233,0,0,4290,"Labour","Conservative",47411,23,3.1,61.1,2.6,0,0,8.9,27698,35506,46669,82175,0.567922117432309,39950,125000
"E14000783","Leicester South",9628,2533,27473,2127,0,0,3832,"Labour","Conservative",45593,21,5.5,59.8,4.6,0,0,8.3,26588,52679,41507,94186,0.440691822563863,43000,130000
"E14000784","Leicester West",8848,1878,16051,1507,0,0,5950,"Labour","Conservative",34234,25.6,5.4,46.5,4.4,0,0,17.2,25202,39763,38200,77963,0.489976014263176,35000,110000
"E14000785","Leigh",10216,0,24312,1150,0,0,8903,"Labour","Conservative",44581,22.6,0,53.9,2.5,0,0,19.7,22114,29581,52142,81723,0.638033356582602,41000,108250
"E14000786","Lewes",19206,2784,5000,18123,0,0,5427,"Conservative","Liberal Democrat",50540,38,5.5,9.9,35.9,0,0,10.7,17361,19323,53053,72376,0.733019232894882,60375,245000
"E14000787","Lewisham East",9574,2429,23907,2455,0,0,3886,"Labour","Conservative",42251,22.3,5.7,55.7,5.7,0,0,9.1,25379,37197,43213,80410,0.537408282551921,70900,250000
"E14000788","Lewisham West & Penge",11633,4077,24347,3709,0,0,3764,"Labour","Conservative",47530,24.2,8.5,50.6,7.7,0,0,7.8,25997,40365,44385,84750,0.523716814159292,71000,259000
"E14000789","Lewisham Deptford",7056,5932,28572,2497,0,0,2013,"Labour","Conservative",46070,14.9,12.5,60.2,5.3,0,0,4.2,24889,53872,38206,92078,0.414930819522579,67000,265000
"E14000790","Leyton & Wanstead",8939,2974,23858,2304,0,0,2341,"Labour","Conservative",40416,22,7.3,58.6,5.7,0,0,5.8,23959,45216,38236,83452,0.4581795523175,68375,265000
"E14000791","Lichfield",28389,1976,10200,2700,0,0,8082,"Conservative","Labour",51347,55.2,3.8,19.8,5.2,0,0,15.7,18845,22303,53027,75330,0.70392937740608,57500,179950
"E14000792","Lincoln",19976,0,18533,1992,0,0,5721,"Conservative","Labour",46222,42.6,0,39.6,4.3,0,0,12.2,20481,41259,46831,88090,0.531626745374049,38500,123500
"E14000793","Liverpool Riverside",4245,5372,29835,1719,0,0,2510,"Labour","Green Party",43681,9.6,12.1,67.4,3.9,0,0,5.7,16109,64232,38292,102524,0.373493035776989,37500,124000
"E14000794","Liverpool Walton",1802,956,31222,899,0,0,3445,"Labour","UKIP",38324,4.7,2.5,81.3,2.3,0,0,9,19272,29788,42143,71931,0.585880913653362,32000,75000
"E14000795","Liverpool Wavertree",4098,2140,28401,2454,0,0,3375,"Labour","Conservative",40468,10,5.2,69.3,6,0,0,8.2,18410,34082,40035,74117,0.540159477582741,35000,120000
"E14000796","Liverpool West Derby",2710,996,30842,959,0,0,3475,"Labour","UKIP",38982,6.6,2.4,75.2,2.3,0,0,8.5,20031,27624,42949,70573,0.608575517549204,42500,97750
"E14000797","Loughborough",25762,1845,16579,2130,0,0,5704,"Conservative","Labour",52020,49.5,3.5,31.9,4.1,0,0,11,18755,37793,45119,82912,0.544179370899267,51399,156000
"E14000798","Louth & Horncastle",25755,1549,9077,2255,0,0,10778,"Conservative","UKIP",49414,51.2,3.1,18,4.5,0,0,21.4,16827,19578,60589,80167,0.755784799231604,42500,136000
"E14000799","Ludlow",26093,2435,5902,6469,0,0,7164,"Conservative","UKIP",48063,54.3,5.1,12.3,13.5,0,0,14.9,15054,17803,52464,70267,0.746637824298746,59950,189975
"E14000800","Luton North",12739,972,22243,1299,0,0,5318,"Labour","Conservative",42571,29.9,2.3,52.2,3.1,0,0,12.5,26755,31383,42404,73787,0.57468117690108,47500,163000
"E14000801","Luton South",12949,1237,18660,3183,0,0,5129,"Labour","Conservative",41158,30.7,2.9,44.2,7.5,0,0,12.1,28004,44498,41013,85511,0.479622504706997,43000,153250
"E14000802","Macclesfield",26063,2404,11252,3842,0,0,6037,"Conservative","Labour",49598,52.5,4.8,22.7,7.7,0,0,12.2,18194,22182,52974,75156,0.70485390387993,62950,175000
"E14000803","Maidenhead",35453,1915,6394,5337,0,0,4539,"Conservative","Labour",53638,65.8,3.6,11.9,9.9,0,0,8.4,23019,26941,53010,79951,0.663031106552764,95000,320000
"E14000804","Maidstone & The Weald",22745,1396,5268,12036,0,0,7930,"Conservative","Liberal Democrat",49375,45.5,2.8,10.5,24.1,0,0,15.9,22444,29529,51144,80673,0.633966754676286,62750,205000
"E14000805","Makerfield",8752,1136,23208,1639,0,0,10053,"Labour","UKIP",44788,19.5,2.5,51.8,3.7,0,0,22.4,20971,27045,50493,77538,0.65120328097191,42500,118000
"E14000806","Maldon",29112,1504,5690,2157,0,0,7042,"Conservative","UKIP",45505,60.6,3.1,11.8,4.5,0,0,14.7,17813,20434,50950,71384,0.71374537711532,64500,225000
"E14000807","Manchester Central",6133,3838,27772,1867,0,0,5033,"Labour","Conservative",44643,13.5,8.5,61.3,4.1,0,0,11.1,26798,74697,37664,112361,0.335205275851941,30000,124000
"E14000808","Manchester Gorton",4063,4108,28187,1782,0,0,3434,"Labour","Green Party",41574,9.7,9.8,67.1,4.2,0,0,8.2,27014,51774,34301,86075,0.39850130699971,31000,107500
"E14000809","Manchester Withington",4872,4048,26843,11970,0,0,2172,"Labour","Liberal Democrat",49905,9.8,8.1,53.7,24,0,0,4.3,18167,48904,33273,82177,0.404894313494043,55000,190000
"E14000810","Mansfield",13288,1486,18603,1642,0,0,11850,"Labour","Conservative",46869,28.2,3.1,39.4,3.5,0,0,25.1,21692,29942,53662,83604,0.641859241184632,36000,110000
"E14000811","Meon Valley",31578,1831,5656,4987,0,0,7665,"Conservative","UKIP",51717,61.1,3.5,10.9,9.6,0,0,14.8,18248,20690,51979,72669,0.715284371602747,71995,234500
"E14000812","Meriden",28791,2170,9996,2638,0,0,8908,"Conservative","Labour",52503,54.7,4.1,19,5,0,0,16.9,24604,27567,56828,84395,0.673357426387819,72000,217000
"E14000813","Bedfordshire Mid",32544,2462,9217,4193,0,0,8966,"Conservative","Labour",57382,56.1,4.2,15.9,7.2,0,0,15.4,22781,27247,53698,80945,0.663388720736302,64473,227000
"E14000814","Derbyshire Mid",24908,1898,12134,2292,0,0,6497,"Conservative","Labour",47729,52.2,4,25.4,4.8,0,0,13.6,16676,20121,47564,67685,0.70272586245106,53500,157000
"E14000815","Dorset Mid & Poole North",23639,1321,2767,13109,0,0,5663,"Conservative","Liberal Democrat",46499,50.8,2.8,6,28.2,0,0,12.2,16335,17691,47081,64772,0.726872722781449,68000,240000
"E14000816","Norfolk Mid",27206,2191,9585,3300,0,0,9930,"Conservative","UKIP",52212,52.1,4.2,18.4,6.3,0,0,19,20495,24000,57086,81086,0.704017956243988,48000,167000
"E14000817","Sussex Mid",32268,2453,7982,6604,0,0,6898,"Conservative","Labour",56205,56.1,4.3,13.9,11.5,0,0,12,23584,28304,56256,84560,0.665279091769158,70000,250000
"E14000818","Worcestershire Mid",29763,1933,7548,3750,0,0,9231,"Conservative","UKIP",52225,57,3.7,14.5,7.2,0,0,17.7,18752,22589,54497,77086,0.706963650987209,59500,190000
"E14000819","Middlesbrough",5388,1407,18584,1220,0,0,6107,"Labour","UKIP",32706,16.5,4.3,56.8,3.7,0,0,18.7,22052,32803,39902,72705,0.548820576301492,32375,87000
"E14000820","Middlesbrough South & Cleveland East",16925,1060,19193,1564,0,0,6935,"Labour","Conservative",45677,37.1,2.3,42,3.4,0,0,15.2,19177,23485,49864,73349,0.679818402432208,50000,134950
"E14000821","Milton Keynes North",27244,2255,17491,3575,0,0,6852,"Conservative","Labour",57417,47.2,3.9,30.3,6.2,0,0,11.9,30177,42176,53108,95284,0.557365349901348,49950,187000
"E14000822","Milton Keynes South",27601,1936,18929,2309,0,0,7803,"Conservative","Labour",58578,46.8,3.3,32.1,3.9,0,0,13.2,34004,40377,55850,96227,0.580398432872271,55000,185000
"E14000823","Mitcham & Morden",10458,1422,27380,1378,0,0,4287,"Labour","Conservative",44925,23.2,3.2,60.7,3.1,0,0,9.5,24962,39109,41992,81101,0.517774133487873,68000,250000
"E14000824","Mole Valley",33434,2979,4565,7981,0,0,6181,"Conservative","Liberal Democrat",55140,60.6,5.4,8.3,14.5,0,0,11.2,20053,21131,54655,75786,0.721175414984298,106500,390000
"E14000825","Morecambe & Lunesdale",19691,1395,15101,1612,0,0,5358,"Conservative","Labour",43157,45.5,3.2,34.9,3.7,0,0,12.4,18158,21524,48635,70159,0.693211134708305,45000,129000
"E14000826","Morley & Outwood",18776,1264,18354,1426,0,0,7951,"Conservative","Labour",47771,38.9,2.6,38,3,0,0,16.5,20251,27969,49001,76970,0.636624658958036,49000,131000
"E14000827","New Forest East",27819,2327,6018,4626,0,0,8657,"Conservative","UKIP",49447,56.3,4.7,12.2,9.4,0,0,17.5,18301,22077,52864,74941,0.705408254493535,62000,223000
"E14000828","New Forest West",28420,2748,5133,3293,0,0,7816,"Conservative","UKIP",47410,59.9,5.8,10.8,6.9,0,0,16.5,14639,16136,54045,70181,0.770080221142474,75000,265000
"E14000829","Newark",29834,1792,11360,2385,0,0,6294,"Conservative","Labour",51665,57,3.4,21.7,4.6,0,0,12,20220,24789,55897,80686,0.692771980269192,52000,160000
"E14000830","Newbury",34973,2324,4837,8605,0,0,6195,"Conservative","Liberal Democrat",56934,61,4.1,8.4,15,0,0,10.8,25128,28992,54776,83768,0.653901251074396,73000,249950
"E14000831","Newcastle upon Tyne Central",6628,1724,19301,2218,0,0,5214,"Labour","Conservative",35085,18.9,4.9,55,6.3,0,0,14.9,21887,38179,36710,74889,0.490192151050221,39000,124500
"E14000832","Newcastle upon Tyne East",6884,3426,19378,4332,0,0,4910,"Labour","Conservative",38930,17.6,8.7,49.4,11,0,0,12.5,14374,50218,34176,84394,0.404957698414579,49000,136000
"E14000833","Newcastle upon Tyne North",10536,1515,20689,4366,0,0,7447,"Labour","Conservative",44553,23.5,3.4,46.1,9.7,0,0,16.6,19107,25543,46627,72170,0.646071774975752,48000,149950
"E14000834","Newcastle-under-Lyme",15870,1246,16520,1826,0,0,7252,"Labour","Conservative",42714,36.9,2.9,38.4,4.2,0,0,16.9,17262,28611,44596,73207,0.609176718073408,40000,125000
"E14000835","Newton Abbot",22794,2216,4736,11506,0,0,6726,"Conservative","Liberal Democrat",47978,47.3,4.6,9.8,23.9,0,0,14,16072,19689,51204,70893,0.722271592399814,54000,190000
"E14000836","Normanton, Pontefract & Castleford",9569,0,25213,1330,0,0,9785,"Labour","UKIP",45897,20.8,0,54.9,2.9,0,0,21.3,22883,30832,54996,85828,0.640769911916857,42000,115000
"E14000837","Cornwall North",21689,2063,2621,15068,0,0,6121,"Conservative","Liberal Democrat",47562,45,4.3,5.4,31.2,0,0,12.7,17390,20391,51716,72107,0.717211921172702,49188,210000
"E14000838","Devon North",22341,3018,3699,15405,0,0,7719,"Conservative","Liberal Democrat",52182,42.7,5.8,7.1,29.4,0,0,14.8,18416,21975,53434,75409,0.70858916044504,53000,191250
"E14000839","Dorset North",30227,3038,4785,6226,0,0,9109,"Conservative","UKIP",53385,56.6,5.7,9,11.7,0,0,17.1,19870,22078,55342,77420,0.714828209764919,67850,227950
"E14000840","Durham North",8403,1246,22047,2046,0,0,6404,"Labour","Conservative",40146,20.9,3.1,54.9,5.1,0,0,16,17405,22860,46892,69752,0.672267461864893,42000,105000
"E14000841","Bedfordshire North East",34891,2537,9247,3418,0,0,8579,"Conservative","Labour",58672,59.5,4.3,15.8,5.8,0,0,14.6,24082,27666,55763,83429,0.668388689784128,59950,215000
"E14000842","Cambridgeshire North East",28524,1816,7476,2314,0,0,11650,"Conservative","UKIP",51780,55.1,3.5,14.4,4.5,0,0,22.5,23102,29876,61225,91101,0.672056289173555,42600,137250
"E14000843","Derbyshire North East",17605,1059,19488,2004,0,0,7631,"Labour","Conservative",47787,36.7,2.2,40.6,4.2,0,0,15.9,17098,21723,52267,73990,0.706406271117719,49500,145000
"E14000844","Hampshire North East",35573,2364,5290,5657,0,0,4732,"Conservative","Liberal Democrat",53616,65.9,4.4,9.8,10.5,0,0,8.8,22202,24082,51572,75654,0.681682396172046,91000,315000
"E14000845","Hertfordshire North East",28949,2789,9869,3952,0,0,6728,"Conservative","Labour",52287,55.4,5.3,18.9,7.6,0,0,12.9,21328,24107,51321,75428,0.680397199978788,71500,240000
"E14000846","Somerset North East",25439,2802,12690,4029,0,0,6150,"Conservative","Labour",51110,49.8,5.5,24.8,7.9,0,0,12,18543,21167,48726,69893,0.697151359935902,60000,207000
"E14000847","Herefordshire North",26716,3341,5478,5768,0,0,6720,"Conservative","UKIP",48023,55.6,7,11.4,12,0,0,14,16224,18716,52389,71105,0.73678362984319,65000,210000
"E14000848","Norfolk North",15256,1488,5043,19299,0,0,8328,"Liberal Democrat","Conservative",49414,30.9,3,10.2,39.1,0,0,16.9,13645,16213,55161,71374,0.772844453162216,52000,185000
"E14000849","Shropshire North",27041,2575,10547,3148,0,0,9262,"Conservative","Labour",52573,51.4,4.9,20.1,6,0,0,17.6,21277,26459,57752,84211,0.685801142368574,50000,162800
"E14000850","Somerset North",31540,3806,8441,7486,0,0,7669,"Conservative","Labour",58942,53.5,6.5,14.3,12.7,0,0,13,20410,22424,57090,79514,0.717986769625475,67750,225000
"E14000851","Swindon North",26295,1723,14509,1704,0,0,8011,"Conservative","Labour",52242,50.3,3.3,27.8,3.3,0,0,15.3,25217,33193,51227,84420,0.606811182184317,53080,157500
"E14000852","Thanet North",23045,1719,8411,1645,0,0,12097,"Conservative","UKIP",46917,49,3.7,17.9,3.5,0,0,25.7,20226,22976,52449,75425,0.695379516075572,49000,173000
"E14000853","Tyneside North",8997,1442,26191,2075,0,0,7618,"Labour","Conservative",46323,19.2,3.1,55.9,4.4,0,0,16.3,20315,30387,52118,82505,0.631695048784922,40000,118250
"E14000854","Warwickshire North",20042,894,17069,978,0,0,8256,"Conservative","Labour",47239,42.3,1.9,36,2.1,0,0,17.4,18591,23606,48077,71683,0.670689005761478,48000,132750
"E14000855","Cambridgeshire North West",32070,2159,10927,3479,0,0,12275,"Conservative","UKIP",60910,52.5,3.5,17.9,5.7,0,0,20.1,29045,36947,61467,98414,0.624575771739793,49950,162000
"E14000856","Durham North West",10018,1567,20074,3894,0,0,7265,"Labour","Conservative",42818,23.4,3.7,46.9,9.1,0,0,17,18345,23653,50278,73931,0.680066548538502,34775,104000
"E14000857","Hampshire North West",32052,2541,7342,5151,0,0,8109,"Conservative","UKIP",55195,58.1,4.6,13.3,9.3,0,0,14.7,22385,25368,55183,80551,0.685069086665591,70250,223000
"E14000858","Leicestershire North West",25505,1174,14132,2033,0,0,8704,"Conservative","Labour",51548,49.5,2.3,27.4,3.9,0,0,16.9,19985,24351,50478,74829,0.674578037926472,49000,159000
"E14000859","Norfolk North West",24727,1780,10779,1673,0,0,8412,"Conservative","Labour",47371,52.2,3.8,22.8,3.5,0,0,17.8,18136,23337,54460,77797,0.700026993328792,45000,157000
"E14000860","Wiltshire North",28938,2350,4930,7892,0,0,5813,"Conservative","Liberal Democrat",49923,57.2,4.6,9.8,15.6,0,0,11.5,19534,21330,49164,70494,0.697421057111243,67500,215000
"E14000861","Northampton North",16699,1503,13454,1401,0,0,6354,"Conservative","Labour",39411,42.4,3.8,34.1,3.6,0,0,16.1,19637,28077,39695,67772,0.58571386413268,42000,135000
"E14000862","Northampton South",16163,1403,12370,1673,0,0,7114,"Conservative","Labour",38723,41.6,3.6,31.8,4.3,0,0,18.3,21653,34845,40112,74957,0.535133476526542,41000,133500
"E14000863","Norwich North",19052,1939,14589,1894,0,0,5986,"Conservative","Labour",43460,43.7,4.4,33.5,4.3,0,0,13.7,17357,26963,44152,71115,0.620853547071645,44000,150000
"E14000864","Norwich South",11379,6749,19033,6607,0,0,4539,"Labour","Conservative",48307,23.5,13.9,39.3,13.6,0,0,9.4,16907,41057,41180,82237,0.50074783856415,42500,158000
"E14000865","Nottingham East",7314,3473,19208,1475,0,0,3501,"Labour","Conservative",34971,20.8,9.9,54.6,4.2,0,0,9.9,20155,45638,34554,80192,0.430890861931365,36875,92250
"E14000866","Nottingham North",7423,1088,19283,847,0,0,6542,"Labour","Conservative",35183,21,3.1,54.6,2.4,0,0,18.5,25684,30025,42018,72043,0.583235012423136,35000,84000
"E14000867","Nottingham South",13761,2345,20697,1532,0,0,4900,"Labour","Conservative",43235,31.7,5.4,47.6,3.5,0,0,11.3,18015,57510,37238,94748,0.393021488580234,46000,125000
"E14000868","Nuneaton",20827,1281,15945,816,0,0,6582,"Conservative","Labour",45451,45.5,2.8,34.9,1.8,0,0,14.4,20022,26189,45509,71698,0.634731791681776,45000,135000
"E14000869","Old Bexley & Sidcup",24682,1336,8879,1644,0,0,8528,"Conservative","Labour",45069,52.8,2.9,19,3.5,0,0,18.2,18459,24609,44692,69301,0.644896899034646,75000,249500
"E14000870","Oldham East & Saddleworth",11527,1152,17529,5718,0,0,8557,"Labour","Conservative",44483,25.9,2.6,39.4,12.9,0,0,19.2,25492,29269,48129,77398,0.621837773585881,41575,118000
"E14000871","Oldham West & Royton",8187,839,23630,1589,0,0,8892,"Labour","UKIP",43137,19,1.9,54.8,3.7,0,0,20.6,27369,31763,44553,76316,0.583796320561874,35760,104500
"E14000872","Orpington",28152,1732,7645,3330,0,0,8173,"Conservative","UKIP",49032,57.4,3.5,15.6,6.8,0,0,16.7,19863,21965,48061,70026,0.68633079142033,88000,290000
"E14000873","Oxford East",10076,5890,25356,5453,0,0,3451,"Labour","Conservative",50226,19.9,11.6,50,10.8,0,0,6.8,23317,59791,40611,100402,0.40448397442282,70000,250000
"E14000874","Oxford West & Abingdon",26153,2497,7274,16571,0,0,3963,"Conservative","Liberal Democrat",56458,45.7,4.4,12.7,28.9,0,0,6.9,21753,33463,51542,85005,0.606340803482148,74000,285000
"E14000875","Pendle",20978,1043,15525,1487,0,0,5415,"Conservative","Labour",44448,47.2,2.3,34.9,3.3,0,0,12.2,20821,26117,43193,69310,0.623185687490983,30000,85000
"E14000876","Penistone & Stocksbridge",12968,0,19691,2957,0,0,10738,"Labour","Conservative",46354,27.7,0,42,6.3,0,0,22.9,16850,20586,50157,70743,0.709003010898605,48000,135000
"E14000877","Penrith & The Border",26202,2313,6308,3745,0,0,5353,"Conservative","Labour",43921,59.7,5.3,14.4,8.5,0,0,12.2,15138,17658,49198,66856,0.735880100514539,53000,170000
"E14000878","Peterborough",18684,1218,16759,1774,0,0,7485,"Conservative","Labour",45920,39.7,2.6,35.6,3.8,0,0,15.9,28952,38313,50446,88759,0.568347998512827,41950,125000
"E14000879","Plymouth Moor View",16020,1023,14994,1265,0,0,9152,"Conservative","Labour",42454,37.6,2.4,35.2,3,0,0,21.5,20512,25567,45891,71458,0.642209409723194,43000,131500
"E14000880","Plymouth Sutton & Devonport",18120,3401,17597,2008,0,0,6731,"Conservative","Labour",47857,37.8,7.1,36.7,4.2,0,0,14,19746,48293,44723,93016,0.480809753160747,40000,140000
"E14000881","Poole",23745,2198,6102,5572,0,0,7956,"Conservative","UKIP",45573,50.1,4.6,12.9,11.8,0,0,16.8,18593,26428,51525,77953,0.66097520300694,59000,221500
"E14000882","Poplar & Limehouse",12962,2463,29886,2149,0,0,3128,"Labour","Conservative",50588,25.4,4.8,58.5,4.2,0,0,6.1,32832,71819,35388,107207,0.330090385888981,79500,321500
"E14000883","Portsmouth North",21343,1450,10806,2828,0,0,8660,"Conservative","Labour",45087,47,3.2,23.8,6.2,0,0,19.1,22867,29396,46272,75668,0.611513453507427,50066,160000
"E14000884","Portsmouth South",14585,3145,8184,9344,0,0,5595,"Conservative","Liberal Democrat",40853,34.8,7.5,19.5,22.3,0,0,13.4,19933,49434,39558,88992,0.444511866235167,45000,147500
"E14000885","Preston",6688,1643,18755,1244,0,0,5139,"Labour","Conservative",33469,20,4.9,56,3.7,0,0,15.4,21213,38185,35554,73739,0.482160050990656,36000,92000
"E14000886","Pudsey",23637,1539,19136,1926,0,0,4689,"Conservative","Labour",50927,46.4,3,37.6,3.8,0,0,9.2,18949,26469,44497,70966,0.627018572274047,54995,167000
"E14000887","Putney",23018,2067,12838,2717,0,0,1989,"Conservative","Labour",42629,53.8,4.8,30,6.3,0,0,4.6,18400,42304,33048,75352,0.438581590402378,100500,454500
"E14000888","Rayleigh & Wickford",29088,1529,6705,1622,0,0,11858,"Conservative","UKIP",50802,54.7,2.9,12.6,3,0,0,22.3,20083,24556,54035,78591,0.687546920130804,63000,220500
"E14000889","Reading East",23217,3214,16697,3719,0,0,3647,"Conservative","Labour",50494,46,6.4,33.1,7.4,0,0,7.2,22842,45822,42293,88115,0.479975032627816,63000,232500
"E14000890","Reading West",23082,1406,16432,2355,0,0,4826,"Conservative","Labour",48101,47.7,2.9,33.9,4.9,0,0,10,24279,32581,46018,78599,0.585478186745378,60000,200000
"E14000891","Redcar",6630,880,17946,7558,0,0,7516,"Labour","Liberal Democrat",40530,16.2,2.2,43.9,18.5,0,0,18.4,17964,22774,45863,68637,0.668196453807713,42000,115000
"E14000892","Redditch",20771,960,13717,1349,0,0,7133,"Conservative","Labour",43930,47.1,2.2,31.1,3.1,0,0,16.2,19724,26296,43995,70291,0.62589805238224,53800,156000
"E14000893","Reigate",29151,3434,6578,5369,0,0,6817,"Conservative","UKIP",51349,56.8,6.7,12.8,10.5,0,0,13.3,23397,29032,50673,79705,0.635756853396901,80000,285000
"E14000894","Ribble Valley",25404,2193,11798,2756,0,0,8250,"Conservative","Labour",50401,48.6,4.2,22.6,5.3,0,0,15.8,20000,23604,53944,77548,0.695620776809202,52950,157500
"E14000895","Richmond (Yorks)",27744,2313,7124,3465,0,0,8194,"Conservative","UKIP",48840,51.4,4.3,13.2,6.4,0,0,15.2,20775,29449,59419,88868,0.668620875905838,63000,189950
"E14000896","Richmond Park",34404,3548,7296,11389,0,0,2464,"Conservative","Liberal Democrat",59101,58.2,6,12.3,19.3,0,0,4.2,27407,39174,53825,92999,0.578769664189937,125000,545000
"E14000897","Rochdale",7742,1382,20961,4667,0,0,8519,"Labour","UKIP",43271,17,3,46.1,10.3,0,0,18.8,27755,33052,46976,80028,0.586994551906833,38000,110000
"E14000898","Rochester & Strood",23142,1516,10396,1251,0,0,16009,"Conservative","UKIP",52314,44.1,2.9,19.8,2.4,0,0,30.5,23916,33837,50729,84566,0.599874654116311,48000,172000
"E14000899","Rochford & Southend East",20241,2195,10765,1459,0,0,8948,"Conservative","Labour",43608,46.4,5,24.7,3.3,0,0,20.5,22515,30076,48894,78970,0.619146511333418,45000,175000
"E14000900","Romford",25067,1222,10268,1413,0,0,11208,"Conservative","UKIP",49178,51,2.5,20.9,2.9,0,0,22.8,21273,30279,46844,77123,0.607393384593442,70000,227500
"E14000901","Romsey & Southampton North",26285,2280,5749,8573,0,0,5511,"Conservative","Liberal Democrat",48398,54.3,4.7,11.9,17.7,0,0,11.4,16842,26050,45272,71322,0.634755054541376,70000,250000
"E14000902","Rossendale & Darwen",22847,1046,17193,806,0,0,6862,"Conservative","Labour",48754,46.6,2.1,35.1,1.6,0,0,14,21103,26343,49473,75816,0.652540360873694,38000,112000
"E14000903","Rother Valley",10945,0,20501,1992,0,0,13204,"Labour","UKIP",46642,23.3,0,43.6,4.2,0,0,28.1,19618,23751,51083,74834,0.682617526792634,49950,130000
"E14000904","Rotherham",4656,0,19860,1093,0,0,11414,"Labour","UKIP",37023,12.3,0,52.5,2.9,0,0,30.2,20810,26564,43204,69768,0.619252379314299,36500,110000
"E14000905","Rugby",24040,1415,13695,2776,0,0,6855,"Conservative","Labour",48781,49.1,2.9,27.9,5.7,0,0,14,21566,27251,49174,76425,0.643428197579326,47500,162000
"E14000906","Ruislip, Northwood & Pinner",30521,1801,10297,2537,0,0,5598,"Conservative","Labour",50754,59.6,3.5,20.1,5,0,0,10.9,19894,25568,50063,75631,0.661937565284077,105000,385000
"E14000907","Runnymede & Weybridge",29901,2071,7767,3362,0,0,6951,"Conservative","Labour",50052,59.7,4.1,15.5,6.7,0,0,13.9,21338,33113,50597,83710,0.604431967506869,87500,312000
"E14000908","Rushcliffe",28354,3559,14525,2783,0,0,5943,"Conservative","Labour",55164,51.4,6.5,26.3,5,0,0,10.8,20009,25140,51097,76237,0.670238860395871,65000,207500
"E14000909","Rutland & Melton",30383,2325,8383,4407,0,0,8678,"Conservative","UKIP",54176,55.6,4.3,15.4,8.1,0,0,15.9,20899,23820,57126,80946,0.70572974575643,59950,186000
"E14000910","Saffron Walden",32926,2174,6791,6079,0,0,7935,"Conservative","UKIP",55905,57.2,3.8,11.8,10.6,0,0,13.8,23376,25469,56670,82139,0.689928048795335,78000,290000
"E14000911","Salford & Eccles",8823,2251,21364,1614,0,0,7806,"Labour","Conservative",41858,20.4,5.2,49.4,3.7,0,0,18,20700,45379,45549,90928,0.500934805560443,39950,108750
"E14000912","Salisbury",28192,2762,7771,5099,0,0,6152,"Conservative","Labour",49976,55.6,5.4,15.3,10.1,0,0,12.1,19219,22802,50634,73436,0.689498338689471,68950,220000
"E14000913","Scarborough & Whitby",20613,2185,14413,2159,0,0,8162,"Conservative","Labour",47532,43.2,4.6,30.2,4.5,0,0,17.1,17806,23225,55831,79056,0.706220906699049,49950,140000
"E14000914","Scunthorpe",12259,887,15393,770,0,0,6329,"Labour","Conservative",35638,33.2,2.4,41.7,2.1,0,0,17.1,20031,26162,43903,70065,0.626603867837008,37000,105000
"E14000915","Sedgefield",11432,1213,18275,1370,0,0,6426,"Labour","Conservative",38716,29.5,3.1,47.2,3.5,0,0,16.6,17217,20886,45633,66519,0.686014522166599,42725,109000
"E14000916","Sefton Central",14513,1184,26359,2086,0,0,4879,"Labour","Conservative",49021,29.6,2.4,53.8,4.3,0,0,10,14820,18135,51312,69447,0.738865609745561,60000,167750
"E14000917","Selby & Ainsty",27725,1465,14168,1920,0,0,7389,"Conservative","Labour",52667,52.5,2.8,26.8,3.6,0,0,14,20440,23723,53178,76901,0.69151246407719,56000,170000
"E14000918","Sevenoaks",28531,2238,6448,3937,0,0,8970,"Conservative","UKIP",50124,56.9,4.5,12.9,7.9,0,0,17.9,21259,23461,50195,73656,0.681478766156186,79000,287500
"E14000919","Sheffield Central",4917,6999,24308,4278,0,0,3296,"Labour","Green Party",43798,11.1,15.8,55,9.7,0,0,7.5,17740,69919,32706,102625,0.318694275274056,42500,125000
"E14000920","Sheffield South East",7242,1117,21439,2226,0,0,9128,"Labour","UKIP",41152,17.4,2.7,51.4,5.3,0,0,21.9,20825,26216,46304,72520,0.63849972421401,42000,110000
"E14000921","Sheffield Brightside & Hillsborough",4407,1712,22663,1802,0,0,8856,"Labour","UKIP",39440,11,4.3,56.6,4.5,0,0,22.1,29286,33599,45788,79387,0.576769496265132,32500,90000
"E14000922","Sheffield Hallam",7544,1772,19862,22215,0,0,3575,"Liberal Democrat","Labour",54968,13.6,3.2,35.8,40,0,0,6.4,16773,27260,45985,73245,0.627824424875418,58500,219000
"E14000923","Sheffield Heeley",6792,2566,20269,4746,0,0,7315,"Labour","UKIP",41688,16.2,6.1,48.2,11.3,0,0,17.4,19613,27944,46054,73998,0.62236817211276,41000,120000
"E14000924","Sherwood",22833,1108,18186,1094,0,0,7399,"Conservative","Labour",50620,45,2.2,35.9,2.2,0,0,14.6,19765,24734,51374,76108,0.67501445314553,44000,127000
"E14000925","Shipley",25269,2657,15645,1949,0,0,4479,"Conservative","Labour",49999,50,5.3,31,3.9,0,0,8.9,19635,25128,50466,75594,0.66759266608461,55000,148250
"E14000926","Shrewsbury & Atcham",24628,2247,15063,4268,0,0,7813,"Conservative","Labour",54019,45.5,4.2,27.8,7.9,0,0,14.4,20967,26835,55074,81909,0.672380324506464,52000,167000
"E14000927","Sittingbourne & Sheppey",24425,1185,9673,1563,0,0,12257,"Conservative","UKIP",49103,49.5,2.4,19.6,3.2,0,0,24.8,25664,30655,55021,85676,0.64219851533685,46000,160000
"E14000928","Skipton & Ripon",30248,3116,9487,4057,0,0,7651,"Conservative","Labour",54559,55.4,5.7,17.4,7.4,0,0,14,19602,21182,58532,79714,0.734275033243847,59000,184100
"E14000929","Sleaford & North Hykeham",34805,0,10690,3500,0,0,9716,"Conservative","Labour",58711,56.2,0,17.3,5.7,0,0,15.7,22672,25088,65326,90414,0.722520848541155,50475,149000
"E14000930","Slough",16085,1220,23421,1275,0,0,6274,"Labour","Conservative",48275,33.3,2.5,48.5,2.6,0,0,13,37489,50327,48917,99244,0.492896295997743,55500,210000
"E14000931","Solihull",26956,1632,5693,14054,0,0,6361,"Conservative","Liberal Democrat",54696,49.2,3,10.4,25.7,0,0,11.6,20670,24900,54292,79192,0.685574300434387,71000,202000
"E14000932","Somerton & Frome",31960,5434,4419,11692,0,0,6439,"Conservative","Liberal Democrat",59944,53,9,7.3,19.4,0,0,10.7,21440,22113,60802,82915,0.733305192064162,54500,190000
"E14000933","Basildon South & Thurrock East",19788,0,11493,1356,0,0,12097,"Conservative","UKIP",44734,43.4,0,25.2,3,0,0,26.5,21626,28105,47443,75548,0.62798485730926,54563,170000
"E14000934","Cambridgeshire South",31454,3848,10860,9368,0,0,6010,"Conservative","Labour",61540,51.1,6.3,17.6,15.2,0,0,9.8,24965,29555,57860,87415,0.661900131556369,81000,250000
"E14000935","Derbyshire South",25066,1216,13595,1887,0,0,8998,"Conservative","Labour",50762,49.4,2.4,26.8,3.7,0,0,17.7,21343,26337,49395,75732,0.652234194263984,47500,147500
"E14000936","Dorset South",23756,2275,11762,2901,0,0,7304,"Conservative","Labour",47998,48.9,4.7,24.2,6,0,0,15,17097,21923,53171,75094,0.708059232428689,51000,203000
"E14000937","Cambridgeshire South East",28845,3047,9013,12008,0,0,6593,"Conservative","Liberal Democrat",59506,48.5,5.1,15.1,20.2,0,0,11.1,25539,31520,59229,90749,0.652668348962523,66500,227000
"E14000938","Cornwall South East",25516,2718,4692,8521,0,0,7698,"Conservative","Liberal Democrat",49145,50.5,5.4,9.3,16.9,0,0,15.2,16543,18802,53095,71897,0.738487002239315,52000,175000
"E14000939","South Holland & The Deepings",29303,1580,6122,1466,0,0,10736,"Conservative","UKIP",49207,59.6,3.2,12.4,3,0,0,21.8,19819,24999,58026,83025,0.698897922312556,46500,140000
"E14000940","Leicestershire South",28700,0,11876,3987,0,0,9363,"Conservative","Labour",53926,53.2,0,22,7.4,0,0,17.4,21888,26554,53591,80145,0.668675525609832,51850,160000
"E14000941","Norfolk South",30995,3090,10502,4689,0,0,7847,"Conservative","Labour",57123,54.3,5.4,18.4,8.2,0,0,13.7,20346,23460,57446,80906,0.710033866462314,54500,182500
"E14000942","Northamptonshire South",36607,2247,10191,3613,0,0,8204,"Conservative","Labour",60862,60.1,3.7,16.7,5.9,0,0,13.5,25746,28343,57123,85466,0.668371048136101,63000,210000
"E14000943","South Ribble",24313,0,18368,2312,0,0,7377,"Conservative","Labour",52370,46.4,0,35.1,4.4,0,0,14.1,19452,24705,53097,77802,0.682463175753837,50500,155000
"E14000944","South Shields",6021,1614,18589,639,0,0,7975,"Labour","UKIP",34838,16.6,4.5,51.3,1.8,0,0,22,16164,23264,43318,66582,0.650596257246703,38425,110000
"E14000945","Staffordshire South",29478,1298,9107,1448,0,0,8267,"Conservative","Labour",49598,59.4,2.6,18.4,2.9,0,0,16.7,17436,23730,54580,78310,0.696973566594305,59500,171250
"E14000946","Suffolk South",27546,2253,10001,4044,0,0,7897,"Conservative","Labour",51741,53.1,4.3,19.3,7.8,0,0,15.2,18591,19846,53865,73711,0.730759316791252,56000,195000
"E14000947","Swindon South",22777,1757,16992,1817,0,0,5920,"Conservative","Labour",49263,46.2,3.6,34.5,3.7,0,0,12,22756,33095,48549,81644,0.59464259467934,53000,155000
"E14000948","Thanet South",18838,1076,11740,932,0,0,16026,"Conservative","UKIP",48612,38.1,2.2,23.8,1.9,0,0,32.4,21032,24005,52841,76846,0.687621997241236,48000,167000
"E14000949","Bedfordshire South West",28212,2106,10399,2646,0,0,7941,"Conservative","Labour",51304,55,4.1,20.3,5.2,0,0,15.5,23449,30856,51554,82410,0.625579419973304,53000,180000
"E14000950","Devon South West",28500,2408,8391,3767,0,0,7306,"Conservative","Labour",50372,56.6,4.8,16.7,7.5,0,0,14.5,17796,20295,50711,71006,0.714179083457736,56500,179000
"E14000951","Hertfordshire South West",32608,2583,9345,5872,0,0,6603,"Conservative","Labour",57011,56.9,4.5,16.3,10.3,0,0,11.5,24408,27658,55376,83034,0.666907531854421,89250,354000
"E14000952","Norfolk South West",25515,2075,8649,2217,0,0,11654,"Conservative","UKIP",50110,50.9,4.1,17.3,4.4,0,0,23.3,21368,26498,57083,83581,0.682966224381139,46500,154000
"E14000953","Surrey South West",34199,3105,5415,3586,0,0,5643,"Conservative","UKIP",51948,59.9,5.4,9.5,6.3,0,0,9.9,23568,24822,55361,80183,0.690433134205505,87500,335000
"E14000954","Wiltshire South West",27198,2985,6948,5482,0,0,9030,"Conservative","UKIP",51643,52.7,5.8,13.5,10.6,0,0,17.5,21128,24649,53412,78061,0.684234124594868,53000,175000
"E14000955","Southampton Itchen",18656,1876,16340,1595,0,0,6010,"Conservative","Labour",44477,41.7,4.2,36.5,3.6,0,0,13.4,21351,40334,43725,84059,0.520170356535291,49950,160000
"E14000956","Southampton Test",14207,2568,18017,2121,0,0,5566,"Labour","Conservative",42479,32.5,5.9,41.3,4.9,0,0,12.8,21915,47233,39715,86948,0.456767263191793,45995,155569
"E14000957","Southend West",22175,2083,8154,4129,0,0,7803,"Conservative","Labour",44344,49.8,4.7,18.3,9.3,0,0,17.5,18677,24199,46832,71031,0.659317762667005,52000,197000
"E14000958","Southport",12330,1230,8468,13652,0,0,7429,"Liberal Democrat","Conservative",43109,28,2.8,19.2,31,0,0,16.8,17287,21440,52007,73447,0.708088825956132,52000,140000
"E14000959","Spelthorne",24386,1724,9114,3163,0,0,10234,"Conservative","UKIP",48621,49.7,3.5,18.6,6.4,0,0,20.9,20206,27940,49310,77250,0.63831715210356,80000,265000
"E14000960","St Albans",25392,2034,12660,10076,0,0,4271,"Conservative","Labour",54433,46.6,3.7,23.3,18.5,0,0,7.8,23644,29870,46485,76355,0.608800995350665,83950,335000
"E14000961","St Austell & Newquay",20250,2318,5150,12077,0,0,8503,"Conservative","Liberal Democrat",48298,40.2,4.6,10.2,24,0,0,16.9,20301,25394,55343,80737,0.685472583821544,45750,168000
"E14000962","St Helens North",9087,1762,26378,2046,0,0,6983,"Labour","Conservative",46256,19.6,3.8,57,4.4,0,0,15.1,20158,26451,50516,76967,0.656333233723544,45500,115000
"E14000963","St Helens South & Whiston",7707,2237,28950,2737,0,0,6766,"Labour","Conservative",48397,15.9,4.6,59.8,5.7,0,0,14,21094,27830,52261,80091,0.65252025820629,42450,110000
"E14000964","St Ives",18491,3051,4510,16022,0,0,5720,"Conservative","Liberal Democrat",47794,38.3,6.3,9.3,33.2,0,0,11.8,15949,19259,51018,70277,0.725955860381064,50000,209000
"E14000965","Stafford",23606,1390,14429,1348,0,0,6293,"Conservative","Labour",47066,48.4,2.9,29.6,2.8,0,0,12.9,18585,27435,49988,77423,0.645647934076437,52000,155000
"E14000966","Staffordshire Moorlands",21770,1226,11596,1759,0,0,6236,"Conservative","Labour",42587,51.1,2.9,27.2,4.1,0,0,14.6,14533,17506,45626,63132,0.722707976937211,46950,138000
"E14000967","Stalybridge & Hyde",11761,1850,18447,1256,0,0,7720,"Labour","Conservative",41034,28.7,4.5,45,3.1,0,0,18.8,20568,26094,45543,71637,0.635746890573307,41000,120000
"E14000968","Stevenage",21291,1369,16336,1582,0,0,6864,"Conservative","Labour",47442,44.5,2.9,34.2,3.3,0,0,14.4,21608,28760,45398,74158,0.612179400738963,55500,177000
"E14000969","Stockport",9710,1753,19771,3034,0,0,5206,"Labour","Conservative",39474,24.5,4.4,49.9,7.7,0,0,13.1,19744,26842,39527,66369,0.595564194126776,45000,135000
"E14000970","Stockton North",11069,0,19436,884,0,0,7581,"Labour","Conservative",38970,28,0,49.1,2.2,0,0,19.2,20294,26925,45032,71957,0.625818196978751,38000,109973
"E14000971","Stockton South",24221,952,19175,1366,0,0,5480,"Conservative","Labour",51194,46.8,1.8,37,2.6,0,0,10.6,21982,29209,49754,78963,0.630092575003483,51700,142000
"E14000972","Stoke-on-Trent Central",7008,1123,12220,1296,0,0,7041,"Labour","UKIP",28688,22.5,3.6,39.3,4.2,0,0,22.7,17344,29861,36383,66244,0.549227099812813,31000,80000
"E14000973","Stoke-on-Trent North",10593,1091,15429,1137,0,0,9542,"Labour","Conservative",37792,27.4,2.8,39.9,2.9,0,0,24.7,21970,28882,46307,75189,0.615874662517124,31500,92000
"E14000974","Stoke-on-Trent South",12780,1029,15319,1309,0,0,8298,"Labour","Conservative",38735,32.7,2.6,39.2,3.3,0,0,21.2,19735,25503,44471,69974,0.635536056249464,39950,103250
"E14000975","Stone",25733,1191,9483,2473,0,0,7620,"Conservative","Labour",46500,54.7,2.5,20.2,5.3,0,0,16.2,15668,18711,50545,69256,0.729828462515883,56900,165000
"E14000976","Stourbridge",21195,1021,14501,1538,0,0,7774,"Conservative","Labour",46029,46,2.2,31.5,3.3,0,0,16.9,19028,23965,46878,70843,0.661716753948873,49950,142500
"E14000977","Stratford-on-Avon",29674,2128,6677,6182,0,0,6798,"Conservative","UKIP",51459,57.7,4.1,13,12,0,0,13.2,16625,19055,53143,72198,0.736073021413336,74000,249950
"E14000978","Streatham",12540,4421,26474,4491,0,0,1602,"Labour","Conservative",49528,25.1,8.9,53,9,0,0,3.2,24317,57632,39231,96863,0.405015330931315,77000,335000
"E14000979","Stretford & Urmston",12916,2187,24601,1362,0,0,5068,"Labour","Conservative",46134,27.8,4.7,53,2.9,0,0,10.9,23504,29409,47067,76476,0.615447983681155,47500,152500
"E14000980","Stroud",27813,2779,22947,2086,0,0,4848,"Conservative","Labour",60473,45.7,4.6,37.7,3.4,0,0,8,20650,23772,56636,80408,0.704357775345737,56925,190000
"E14000981","Suffolk Coastal",28855,3294,10013,4777,0,0,8655,"Conservative","Labour",55594,51.9,5.9,18,8.6,0,0,15.6,17858,19992,61118,81110,0.753519911231661,55500,203000
"E14000982","Sunderland Central",9780,1706,20959,1105,0,0,7997,"Labour","Conservative",41547,23.4,4.1,50.2,2.6,0,0,19.1,18543,31419,49910,81329,0.613680237061811,38000,112000
"E14000983","Surrey Heath",32582,2400,6100,4937,0,0,7778,"Conservative","UKIP",53797,59.9,4.4,11.2,9.1,0,0,14.3,23152,28109,55531,83640,0.663928742228599,84500,278000
"E14000984","Sutton & Cheam",20732,1051,5546,16811,0,0,5341,"Conservative","Liberal Democrat",49481,41.5,2.1,11.1,33.7,0,0,10.7,21200,30356,46290,76646,0.603945411371761,75000,255500
"E14000985","Sutton Coldfield",27782,1426,11365,2627,0,0,7489,"Conservative","Labour",50689,54.6,2.8,22.3,5.2,0,0,14.7,19487,23191,52001,75192,0.691576231513991,74000,215000
"E14000986","Tamworth",23606,1110,12304,1427,0,0,8727,"Conservative","Labour",47174,50,2.4,26.1,3,0,0,18.5,20582,26770,48379,75149,0.643774368255067,51000,147500
"E14000987","Tatton",26552,1714,8311,3850,0,0,4871,"Conservative","Labour",45298,58.6,3.8,18.3,8.5,0,0,10.8,17023,19649,48159,67808,0.710225932043417,77000,240000
"E14000988","Taunton Deane",27849,2630,5347,12358,0,0,6921,"Conservative","Liberal Democrat",55105,48.1,4.5,9.2,21.3,0,0,12,22903,28961,60252,89213,0.675372423301537,54300,180500
"E14000989","Telford",16094,930,15364,927,0,0,7330,"Conservative","Labour",40645,39.6,2.3,37.8,2.3,0,0,18,21839,27581,41994,69575,0.603578871721164,41000,130250
"E14000990","Tewkesbury",30176,2207,8204,7629,0,0,7128,"Conservative","Labour",55344,54.5,4,14.8,13.8,0,0,12.9,19981,25289,55381,80670,0.686512954010165,59000,193000
"E14000991","Cotswolds, The",32045,2626,5240,10568,0,0,6188,"Conservative","Liberal Democrat",56667,56.5,4.6,9.2,18.6,0,0,10.9,18400,20736,57805,78541,0.735985026928611,77500,270000
"E14000992","Wrekin, The",22579,1443,11836,1959,0,0,7620,"Conservative","Labour",45437,49.7,3.2,26,4.3,0,0,16.8,19833,25965,46122,72087,0.639810229306255,54000,158000
"E14000993","Thirsk & Malton",27545,2404,8089,4703,0,0,7805,"Conservative","Labour",50546,52.6,4.6,15.4,9,0,0,14.9,18276,20582,58869,79451,0.740947250506602,57500,180000
"E14000994","Thornbury & Yate",19924,1316,3775,18429,0,0,5126,"Conservative","Liberal Democrat",48570,41,2.7,7.8,37.9,0,0,10.6,17453,19979,46432,66411,0.699161283522308,63000,212000
"E14000995","Thurrock",16692,0,16156,644,0,0,15718,"Conservative","Labour",49210,33.7,0,32.6,1.3,0,0,31.7,30721,39877,49276,89153,0.552712752234922,48000,168000
"E14000996","Tiverton & Honiton",29013,3415,6835,5626,0,0,8857,"Conservative","UKIP",53746,54,6.4,12.7,10.5,0,0,16.5,19135,21189,58680,79869,0.734703076287421,53000,190000
"E14000997","Tonbridge & Malling",31887,2366,7604,3660,0,0,8153,"Conservative","UKIP",53670,59.4,4.4,14.2,6.8,0,0,15.2,23803,24501,52743,77244,0.6828103153643,82950,274225
"E14000998","Tooting",22421,2201,25263,2107,0,0,1537,"Labour","Conservative",53529,41.9,4.1,47.2,3.9,0,0,2.9,21246,50211,34876,85087,0.409886351616581,81000,414000
"E14000999","Torbay",19551,1557,4166,16265,0,0,6540,"Conservative","Liberal Democrat",48079,40.7,3.2,8.7,33.8,0,0,13.6,18603,23747,55549,79296,0.70052713882163,49950,156000
"E14001000","Devon West & Torridge",28774,3941,6015,7483,0,0,10371,"Conservative","UKIP",56584,50.9,7,10.6,13.2,0,0,18.3,18327,20650,59578,80228,0.742608565588074,50000,180000
"E14001001","Totnes",24941,4845,5988,4667,0,0,6656,"Conservative","UKIP",47097,53,10.3,12.7,9.9,0,0,14.1,14950,16238,52479,68717,0.763697483883173,59950,225000
"E14001002","Tottenham",5090,3931,28654,1756,0,0,1512,"Labour","Conservative",40943,12,9.2,67.3,4.1,0,0,3.6,32946,56399,45503,101902,0.446536868756256,63000,261750
"E14001003","Truro & Falmouth",22681,4483,7814,8681,0,0,5967,"Conservative","Liberal Democrat",49626,44,8.7,15.2,16.8,0,0,11.6,16951,25285,49211,74496,0.660585803264605,54000,215000
"E14001004","Tunbridge Wells",30181,2659,7307,4342,0,0,6481,"Conservative","Labour",50970,58.7,5.2,14.2,8.4,0,0,12.6,24012,28575,53272,81847,0.650872970298239,72000,250000
"E14001005","Twickenham",25580,2463,7129,23563,0,0,3069,"Conservative","Liberal Democrat",61804,41.3,4,11.5,38,0,0,4.9,25976,35989,53216,89205,0.596558488873942,100000,417500
"E14001006","Tynemouth",17551,2017,25791,1595,0,0,6541,"Labour","Conservative",53495,32.8,3.8,48.2,3,0,0,12.2,20159,25821,53352,79173,0.673866090712743,50550,163000
"E14001007","Uxbridge & Ruislip South",22511,1414,11816,2215,0,0,6346,"Conservative","Labour",44302,50.2,3.2,26.4,4.9,0,0,14.2,22573,40942,42330,83272,0.508334133922567,78000,274000
"E14001008","Vauxhall",13070,3658,25778,3312,0,0,1385,"Labour","Conservative",47203,27.3,7.6,53.8,6.9,0,0,2.9,19707,59909,37318,97227,0.383823423534615,80000,407500
"E14001009","Wakefield",14688,1069,17301,1483,0,0,7862,"Labour","Conservative",42403,34.2,2.5,40.3,3.5,0,0,18.3,20236,27864,47994,75858,0.632682116586253,47000,124950
"E14001010","Wallasey",9828,1288,26176,1011,0,0,5063,"Labour","Conservative",43366,22.7,3,60.4,2.3,0,0,11.7,19380,24678,45438,70116,0.648040390210508,39950,115000
"E14001011","Walsall North",12455,529,14392,840,0,0,8122,"Labour","Conservative",36338,33.8,1.4,39,2.3,0,0,22,22826,28113,43902,72015,0.609622995209331,42350,105000
"E14001012","Walsall South",13733,1149,19740,676,0,0,6540,"Labour","Conservative",41838,32.8,2.7,47.2,1.6,0,0,15.6,25616,31927,42548,74475,0.571305807317892,39725,120823
"E14001013","Walthamstow",5584,2661,28779,1661,0,0,2507,"Labour","Conservative",41192,13.4,6.4,68.9,4,0,0,6,29353,45568,39712,85280,0.465666041275797,60000,250000
"E14001014","Wansbeck",8386,1454,19267,2407,0,0,7014,"Labour","Conservative",38528,21.8,3.8,50,6.2,0,0,18.2,16335,20772,44791,65563,0.683174961487424,41950,111450
"E14001015","Wantage",31092,2986,9343,7611,0,0,7288,"Conservative","Labour",58320,53.3,5.1,16,13.1,0,0,12.5,24488,29850,55448,85298,0.650050411498511,66000,247500
"E14001016","Warley",7310,1465,22012,805,0,0,6237,"Labour","Conservative",37829,19.3,3.9,58.2,2.1,0,0,16.5,24289,30800,38877,69677,0.557960302538858,39000,113973
"E14001017","Warrington North",12797,1264,21720,1881,0,0,7757,"Labour","Conservative",45419,28.2,2.8,47.8,4.1,0,0,17.1,20071,27696,47746,75442,0.632883539672861,49000,125000
"E14001018","Warrington South",25928,1765,23178,3335,0,0,4909,"Conservative","Labour",59115,43.7,3,39.1,5.6,0,0,8.3,24228,30219,55149,85368,0.646014900196795,59000,169998
"E14001019","Warwick & Leamington",24249,1994,17643,2512,0,0,4183,"Conservative","Labour",50581,47.9,3.9,34.9,5,0,0,8.3,19135,34771,44359,79130,0.56058384936181,59500,209000
"E14001020","Washington & Sunderland West",7033,1091,20478,993,0,0,7321,"Labour","UKIP",36916,18.9,2.9,55,2.7,0,0,19.6,18724,25193,44810,70003,0.640115423624702,38500,108000
"E14001021","Watford",24400,1332,14606,10152,0,0,5481,"Conservative","Labour",55971,43.5,2.4,26,18.1,0,0,9.8,27481,39443,50906,90349,0.563437337435943,63950,245000
"E14001022","Waveney",22104,1761,19696,1055,0,0,7580,"Conservative","Labour",52196,42.3,3.4,37.7,2,0,0,14.5,20555,24919,57646,82565,0.698189305395749,42995,138000
"E14001023","Wealden",32508,3623,6165,5180,0,0,9541,"Conservative","UKIP",57017,57,6.4,10.8,9.1,0,0,16.7,21839,22838,59698,82536,0.72329650092081,75000,250000
"E14001024","Weaver Vale",20227,1183,19421,1395,0,0,4547,"Conservative","Labour",46773,43.2,2.5,41.4,3,0,0,9.7,19353,22660,46132,68792,0.670601232701477,54000,150000
"E14001025","Wellingborough",26265,2218,9839,2240,0,0,9868,"Conservative","UKIP",50430,52.1,4.4,19.5,4.4,0,0,19.6,24535,29154,53853,83007,0.648776609201634,39500,134000
"E14001026","Wells",26247,2331,3780,18662,0,0,5644,"Conservative","Liberal Democrat",56664,46.1,4.1,6.6,32.8,0,0,9.9,21225,23160,60012,83172,0.721540903188573,55000,181500
"E14001027","Welwyn Hatfield",25281,1742,13128,3140,0,0,6556,"Conservative","Labour",49847,50.4,3.5,26.1,6.3,0,0,13.1,22432,39271,47127,86398,0.545464015370726,69995,245000
"E14001028","Wentworth & Dearne",6441,0,24571,1135,0,0,10733,"Labour","UKIP",42880,14.9,0,56.9,2.6,0,0,24.9,20739,26115,49289,75404,0.653665588032465,35500,115000
"E14001029","West Bromwich East",9347,628,18817,751,0,0,7949,"Labour","Conservative",37492,24.9,1.7,50.2,2,0,0,21.2,21178,27367,41020,68387,0.599821603521137,44000,120000
"E14001030","West Bromwich West",8365,697,16578,550,0,0,8836,"Labour","UKIP",35026,23.9,2,47.3,1.6,0,0,25.2,22542,29641,40259,69900,0.575951359084406,43950,100000
"E14001031","Dorset West",28329,3242,5633,12199,0,0,7055,"Conservative","Liberal Democrat",56458,50.2,5.7,10,21.6,0,0,12.5,17477,18706,59964,78670,0.762221939748316,61149,235000
"E14001032","West Ham",8146,2651,36132,1430,0,0,3950,"Labour","Conservative",52309,15.4,5,68.4,2.7,0,0,7.5,39362,74500,49536,124036,0.399367925441001,58000,230000
"E14001033","Lancashire West",16114,1582,24474,1298,0,0,6058,"Labour","Conservative",49526,32.4,3.2,49.3,2.6,0,0,12.2,19476,26061,50135,76196,0.657974171872539,53950,160000
"E14001034","Suffolk West",25684,1779,8604,2465,0,0,10700,"Conservative","UKIP",49232,52.2,3.6,17.5,5,0,0,21.7,25076,36467,55490,91957,0.603434213817328,52000,165000
"E14001035","Worcestershire West",30342,3505,7244,5245,0,0,7764,"Conservative","UKIP",54100,56.1,6.5,13.4,9.7,0,0,14.4,17231,18590,56924,75514,0.753820483618932,70000,210000
"E14001036","Westminster North",16527,1322,18504,1457,0,0,1489,"Labour","Conservative",39299,41.8,3.3,46.8,3.7,0,0,3.8,24550,50365,45099,95464,0.472418922316266,115000,615000
"E14001037","Westmorland & Lonsdale",16245,1798,2661,25194,0,0,3031,"Liberal Democrat","Conservative",48929,33.2,3.7,5.4,51.5,0,0,6.2,14705,17427,51667,69094,0.747778388861551,60000,206000
"E14001038","Weston-Super-Mare",25203,2592,9594,5486,0,0,9366,"Conservative","Labour",52241,48,4.9,18.3,10.4,0,0,17.8,21815,27077,57319,84396,0.679167259111806,50000,165000
"E14001039","Wigan",9389,1273,23625,1255,0,0,8818,"Labour","Conservative",44360,20.7,2.8,52.2,2.8,0,0,19.5,21519,29095,51897,80992,0.64076698933228,41000,115000
"E14001040","Wimbledon",25225,1986,12606,6129,0,0,2476,"Conservative","Labour",48422,52.1,4.1,26,12.7,0,0,5.1,20013,37200,39947,77147,0.517803673506423,97000,461500
"E14001041","Winchester",30425,2645,4613,13511,0,0,4122,"Conservative","Liberal Democrat",55316,55,4.8,8.3,24.4,0,0,7.5,20629,26981,50845,77826,0.653316372420528,81500,315000
"E14001042","Windsor",31797,1834,6714,4323,0,0,4992,"Conservative","Labour",49660,63.4,3.7,13.4,8.6,0,0,10,23978,28548,50968,79516,0.640977916394185,96500,339475
"E14001043","Wirral South",15566,895,20165,1474,0,0,3737,"Labour","Conservative",41837,37.2,2.1,48.2,3.5,0,0,8.9,14395,16800,41468,58268,0.711677078327727,50500,157500
"E14001044","Wirral West",18481,0,18898,1433,0,0,2772,"Labour","Conservative",41584,44.2,0,45.1,3.4,0,0,6.6,13399,15016,40741,55757,0.730688523414101,52950,168000
"E14001045","Witham",27123,2038,7467,2891,0,0,7569,"Conservative","UKIP",47088,57.5,4.3,15.8,6.1,0,0,16,18618,22264,48421,70685,0.685025111409776,56500,210000
"E14001046","Witney",35201,2970,10046,3953,0,0,5352,"Conservative","Labour",57522,60.2,5.1,17.2,6.8,0,0,9.2,22556,28657,56776,85433,0.664567555862489,72000,245000
"E14001047","Woking",29199,2109,8389,6047,0,0,5873,"Conservative","Labour",51617,56.2,4.1,16.1,11.6,0,0,11.3,24431,32091,49976,82067,0.608965844980321,76950,272750
"E14001048","Wokingham",32325,2092,8132,7572,0,0,5516,"Conservative","Labour",55637,57.7,3.7,14.5,13.5,0,0,9.9,24678,29302,50236,79538,0.631597475420554,85000,277500
"E14001049","Wolverhampton North East",10174,701,15669,935,0,0,6524,"Labour","Conservative",34003,29.9,2.1,46.1,2.7,0,0,19.2,21166,27753,40509,68262,0.593434121473148,41750,106000
"E14001050","Wolverhampton South East",7764,605,18531,798,0,0,7061,"Labour","Conservative",34759,22.3,1.7,53.3,2.3,0,0,20.3,21184,27696,40867,68563,0.596050347855257,39000,105000
"E14001051","Wolverhampton South West",16573,1058,17374,845,0,0,4310,"Labour","Conservative",40160,41.2,2.6,43.2,2.1,0,0,10.7,17301,26436,41141,67577,0.608801811267147,49000,145000
"E14001052","Worcester",22534,2024,16888,1677,0,0,6378,"Conservative","Labour",49501,45.3,4.1,34,3.4,0,0,12.8,21008,33320,46077,79397,0.580336788543648,50995,163000
"E14001053","Workington",11596,1149,16282,1708,0,0,7538,"Labour","Conservative",38273,30.1,3,42.3,4.4,0,0,19.6,15154,18876,44319,63195,0.701305483028721,42500,131750
"E14001054","Worsley & Eccles South",12654,1242,18600,1100,0,0,7688,"Labour","Conservative",41284,30.1,3,44.2,2.6,0,0,18.3,23202,29564,46980,76544,0.613764632107023,46000,120000
"E14001055","Worthing West",26124,2938,7955,4477,0,0,9269,"Conservative","UKIP",50763,51.5,5.8,15.7,8.8,0,0,18.3,16959,22374,56609,78983,0.716723851968145,56500,210000
"E14001056","Wycombe",26444,3086,11588,4546,0,0,5198,"Conservative","Labour",50862,51.4,6,22.5,8.8,0,0,10.1,26470,35873,47529,83402,0.56987842018177,70025,247750
"E14001057","Wyre & Preston North",26528,1699,12377,2712,0,0,6577,"Conservative","Labour",49893,53.2,3.4,24.8,5.4,0,0,13.2,16477,20344,52119,72463,0.719249824048135,59950,165000
"E14001058","Wyre Forest",22394,1117,9523,1228,0,0,7967,"Conservative","Labour",42229,45.3,2.3,19.3,2.5,0,0,16.1,19151,24229,55041,79270,0.694348429418443,52000,150000
"E14001059","Wythenshawe & Sale East",11124,1658,21693,1927,0,0,6354,"Labour","Conservative",42756,25.7,3.8,50.1,4.5,0,0,14.7,24601,35115,46827,81942,0.571465182690196,51950,142000
"E14001060","Yeovil",24178,2191,4053,18865,0,0,7646,"Conservative","Liberal Democrat",56933,42.5,3.8,7.1,33.1,0,0,13.4,21847,28381,58511,86892,0.673376145099664,48500,165000
"E14001061","York Central",13496,4791,20212,3804,0,0,4795,"Labour","Conservative",47098,28.3,10,42.4,8,0,0,10.1,18876,45820,42548,88368,0.481486510954192,48500,167000
"E14001062","York Outer",26447,2558,13348,6269,0,0,5251,"Conservative","Labour",53873,49.1,4.7,24.8,11.6,0,0,9.7,17455,25504,52230,77734,0.671906758947179,62950,200000
"W07000041","Ynys Mon",7393,0,10871,751,10642,0,5121,"Labour","Plaid Cymru",34778,21.2,0,31.1,2.2,30.5,0,14.7,13628,16880,39583,56463,0.701043161008094,45000,142750
"W07000042","Delyn",12257,680,15187,1380,1803,0,6150,"Labour","Conservative",37457,32.7,1.8,40.5,3.7,4.8,0,16.4,14446,17046,38511,55557,0.69317997732059,45500,130000
"W07000043","Alyn & Deeside",13197,976,16540,1733,1608,0,7260,"Labour","Conservative",41314,31.9,2.4,40,4.2,3.9,0,17.6,17778,23483,41976,65459,0.641256358942239,45000,141995
"W07000044","Wrexham",10350,669,12181,1735,2501,0,5072,"Labour","Conservative",32508,31.6,2,37.2,5.3,7.6,0,15.5,14918,20759,35517,56276,0.631121614898003,47000,130000
"W07000045","Llanelli",5534,689,15948,751,8853,0,6269,"Labour","Plaid Cymru",38044,14.3,1.8,41.3,1.9,23,0,16.3,17498,21476,42795,64271,0.665852406217423,35000,100000
"W07000046","Gower",15862,1161,15835,1552,3051,0,4773,"Conservative","Labour",42234,37.1,2.7,37,3.6,7.1,0,11.2,15645,18974,43541,62515,0.696488842677757,49750,150000
"W07000047","Swansea West",7931,1784,14967,3178,2266,0,4744,"Labour","Conservative",34870,22.6,5.1,42.6,9,6.4,0,13.5,13275,31645,36395,68040,0.534905937683715,50000,135000
"W07000048","Swansea East",5142,0,17807,1392,3498,0,5779,"Labour","UKIP",33618,15.3,0,53,4.1,10.4,0,17.2,18088,24900,37869,62769,0.603307365100607,37000,99999
"W07000049","Aberavon",3742,711,15416,1397,3663,0,4971,"Labour","UKIP",29900,11.9,2.3,48.9,4.4,11.6,0,15.8,13256,18908,34039,52947,0.642888171190058,35000,95000
"W07000050","Cardiff Central",5674,2461,15462,10481,1925,0,2499,"Labour","Liberal Democrat",38502,14.7,6.4,40,27.1,5,0,6.5,14394,48079,27770,75849,0.366122163772759,47400,165625
"W07000051","Cardiff North",21709,1254,19572,1953,2301,0,3953,"Conservative","Labour",50742,42.4,2.5,38.3,3.8,4.5,0,7.7,17793,27557,42759,70316,0.608097730246317,60000,191500
"W07000052","Rhondda",2116,453,15976,474,8521,0,3998,"Labour","Plaid Cymru",31538,6.7,1.4,50.7,1.5,27,0,12.7,14545,19586,35497,55083,0.644427500317702,25450,62000
"W07000053","Torfaen",8769,746,16938,1271,2169,0,7203,"Labour","Conservative",37096,23.1,2,44.6,3.4,5.7,0,19,17665,22817,41031,63848,0.642635634632252,37500,117000
"W07000054","Monmouth",23701,1629,12719,2496,1875,0,4972,"Conservative","Labour",47392,49.9,3.4,26.8,5.3,3.9,0,10.5,16393,17998,49920,67918,0.735003975382078,59950,185000
"W07000055","Newport East",9585,887,14290,2251,1231,0,6466,"Labour","Conservative",34710,27.3,2.5,40.7,6.4,3.5,0,18.4,18096,23181,37282,60463,0.616608504374576,45000,131500
"W07000056","Newport West",13123,1272,16633,1581,1604,0,6134,"Labour","Conservative",40347,32.5,3.2,41.2,3.9,4,0,15.2,18848,24614,42220,66834,0.631714396863872,48950,139998
"W07000057","Arfon",3521,0,8122,718,11790,0,2277,"Plaid Cymru","Labour",26428,13.1,0,30.3,2.7,43.9,0,8.5,12260,21140,27539,48679,0.565726493970706,40000,130000
"W07000058","Aberconwy",12513,727,8514,1391,3536,0,3467,"Conservative","Labour",30148,41.5,2.4,28.2,4.6,11.7,0,11.5,10268,12996,33387,46383,0.719811137701313,46000,155000
"W07000059","Clwyd West",16463,0,9733,1387,4651,0,4988,"Conservative","Labour",37222,43.3,0,25.6,3.6,12.2,0,13.1,14565,16394,43583,59977,0.726661887056705,44000,136750
"W07000060","Vale of Clwyd",13760,0,13523,915,2486,0,4577,"Conservative","Labour",35261,39,0,38.4,2.6,7.1,0,13,15019,17838,38731,56569,0.684668281214093,42500,121000
"W07000061","Dwyfor Meirionnydd",6550,981,3904,1153,11811,0,3126,"Plaid Cymru","Conservative",27525,22.7,3.4,13.5,4,40.9,0,10.8,11335,13214,36423,49637,0.73378729576727,42000,145000
"W07000062","Clwyd South",10649,915,13051,1349,3620,0,5480,"Labour","Conservative",35064,30.4,2.6,37.2,3.8,10.3,0,15.6,15762,19577,37430,57007,0.656586033294157,44000,129995
"W07000063","Montgomeryshire",15204,1260,1900,9879,1745,0,3769,"Conservative","Liberal Democrat",33757,45,3.7,5.6,29.3,5.2,0,11.2,12704,14259,36726,50985,0.720329508679023,45000,150000
"W07000064","Ceredigion",4123,2088,3615,13414,10347,0,3829,"Liberal Democrat","Plaid Cymru",37416,11,5.6,9.7,35.9,27.7,0,10.2,12548,23851,39565,63416,0.62389617762079,49000,162000
"W07000065","Preseli Pembrokeshire",16383,1452,11414,780,2518,0,4257,"Conservative","Labour",36804,40.4,3.6,28.1,1.9,6.2,0,10.5,15857,18564,43062,61626,0.698763508908578,44000,140000
"W07000066","Carmarthen West & Pembrokeshire South",17626,1290,11572,963,4201,0,4698,"Conservative","Labour",40350,43.7,3.2,28.7,2.4,10.4,0,11.6,15037,18968,43379,62347,0.695767238199111,46750,158000
"W07000067","Carmarthen East & Dinefwr",8336,1091,9541,928,15140,0,4363,"Plaid Cymru","Labour",39399,21.2,2.8,24.2,2.4,38.4,0,11.1,13859,16030,41417,57447,0.720960189391961,42000,130000
"W07000068","Brecon & Radnorshire",16453,1261,5904,11351,1767,0,3338,"Conservative","Liberal Democrat",40074,41.1,3.1,14.7,28.3,4.4,0,8.3,12765,14588,41663,56251,0.740662388224209,50000,168000
"W07000069","Neath",5691,1185,16270,1173,6722,0,6094,"Labour","Plaid Cymru",37135,15.3,3.2,43.8,3.2,18.1,0,16.4,14579,19411,39705,59116,0.671645578185263,40000,102000
"W07000070","Cynon Valley",3676,799,14532,830,5126,0,4976,"Labour","Plaid Cymru",29939,12.1,2.6,47.7,2.7,16.8,0,16.3,15039,19628,34852,54480,0.639720998531571,32950,75000
"W07000071","Merthyr Tydfil & Rhymney",3292,603,17619,1351,3099,0,6106,"Labour","UKIP",32070,10.1,1.8,53.9,4.1,9.5,0,18.7,16068,21792,37529,59321,0.632642740344903,30950,82000
"W07000072","Blaenau Gwent",3419,738,18380,620,2849,0,5677,"Labour","UKIP",31683,10.8,2.3,58,2,9,0,17.9,14073,19827,35889,55716,0.644141718716347,29500,72000
"W07000073","Bridgend",12697,736,14624,1648,2784,0,5911,"Labour","Conservative",38400,32.2,1.9,37.1,4.2,7.1,0,15,16405,22261,42266,64527,0.655012630371782,48000,145000
"W07000074","Ogmore",5620,754,18663,1072,3556,0,5420,"Labour","Conservative",35085,15.9,2.1,52.9,3,10.1,0,15.4,16270,21228,38000,59228,0.641588437900993,40000,114500
"W07000075","Pontypridd",6969,992,15554,4904,4348,0,5085,"Labour","Conservative",37852,18.2,2.6,40.7,12.8,11.4,0,13.3,16808,24807,39402,64209,0.613652291734804,41450,122000
"W07000076","Caerphilly",6683,937,17864,935,5895,0,7791,"Labour","UKIP",40105,16.6,2.3,44.3,2.3,14.6,0,19.3,19517,24885,42872,67757,0.632731673480231,40500,125000
"W07000077","Islwyn",5366,659,17336,950,3794,0,6932,"Labour","UKIP",35037,15.2,1.9,49,2.7,10.7,0,19.6,15907,21116,38582,59698,0.646286307749003,37000,99999
"W07000078","Vale of Glamorgan",23607,1054,16727,1309,2869,0,5489,"Conservative","Labour",51055,46,2.1,32.6,2.6,5.6,0,10.7,21261,25904,51161,77065,0.663868163238824,51000,165000
"W07000079","Cardiff West",11014,1704,17803,2069,6096,0,4923,"Labour","Conservative",43609,25.2,3.9,40.7,4.7,13.9,0,11.2,21067,29110,41965,71075,0.5904326415758,50000,166000
"W07000080","Cardiff South & Penarth",12513,1746,19966,2318,3433,0,6423,"Labour","Conservative",46399,26.8,3.7,42.8,5,7.4,0,13.8,24972,38904,46173,85077,0.542720124122853,48000,147000
